<?xml version = '1.0' encoding = 'UTF-8'?>
<Relation class="oracle.dbtools.crest.model.design.logical.Relation" name="branch_book_copy_fk" directorySegmentName="seg_0" id="0D5C55D8-0EB6-7D57-03F2-F1CAF2922C5C">
<createdBy>LowPC</createdBy>
<createdTime>2024-09-12 10:10:17 UTC</createdTime>
<ownerDesignName>rcl_logical</ownerDesignName>
<engineerTo>
<item key="AE0C3E2F-75CD-DE7D-B2B4-1E236B0B3380" value="true"/>
</engineerTo>
<sourcePk>B8E95F7B-2107-C84F-43E1-B9AB2E347AD1</sourcePk>
<identifying>true</identifying>
<nameOnSource>handles</nameOnSource>
<nameOnTarget> </nameOnTarget>
<optionalSource>true</optionalSource>
<optionalTarget>false</optionalTarget>
<sourceCardinality>1</sourceCardinality>
<sourceEntity>C646726C-5C20-80E2-0F95-8CDCA4E1D21A</sourceEntity>
<targetCardinalityString>*</targetCardinalityString>
<targetEntity>76CEADDF-DF50-3CE4-3CC6-757A7B51546D</targetEntity>
<transferable>true</transferable>
<deleteRule>NO ACTION</deleteRule>
</Relation>
