<?xml version = '1.0' encoding = 'UTF-8'?>
<Relation class="oracle.dbtools.crest.model.design.logical.Relation" name="catalogue_catalogue_subject_fk" directorySegmentName="seg_0" id="0EE07717-9311-4D34-55EE-32ED783B1A16">
<createdBy>LowPC</createdBy>
<createdTime>2024-09-13 06:25:06 UTC</createdTime>
<ownerDesignName>rcl_logical</ownerDesignName>
<engineerTo>
<item key="AE0C3E2F-75CD-DE7D-B2B4-1E236B0B3380" value="true"/>
</engineerTo>
<sourcePk>82AF50E0-88CE-154C-8798-6237CCF6E9AD</sourcePk>
<identifying>true</identifying>
<nameOnSource>has</nameOnSource>
<nameOnTarget> </nameOnTarget>
<optionalSource>false</optionalSource>
<optionalTarget>false</optionalTarget>
<sourceCardinality>1</sourceCardinality>
<sourceEntity>C446A498-D26C-19C9-A79E-7294DBCA8115</sourceEntity>
<targetCardinalityString>*</targetCardinalityString>
<targetEntity>D7CCFC9F-97CF-85B9-17FE-EAE968765820</targetEntity>
<transferable>true</transferable>
<deleteRule>NO ACTION</deleteRule>
</Relation>
