<?xml version = '1.0' encoding = 'UTF-8'?>
<Relation class="oracle.dbtools.crest.model.design.logical.Relation" name="branch_manager_fk" directorySegmentName="seg_0" id="15931119-98A5-31C1-DF3C-417E9736A390">
<createdBy>LowPC</createdBy>
<createdTime>2024-09-12 10:06:51 UTC</createdTime>
<ownerDesignName>rcl_logical</ownerDesignName>
<engineerTo>
<item key="AE0C3E2F-75CD-DE7D-B2B4-1E236B0B3380" value="true"/>
</engineerTo>
<sourcePk>B8E95F7B-2107-C84F-43E1-B9AB2E347AD1</sourcePk>
<targetPk>0F1F9160-D98F-C976-C902-E51A897FD0CD</targetPk>
<identifying>false</identifying>
<nameOnSource>home_to</nameOnSource>
<nameOnTarget> </nameOnTarget>
<optionalSource>true</optionalSource>
<optionalTarget>false</optionalTarget>
<sourceCardinality>1</sourceCardinality>
<sourceEntity>C646726C-5C20-80E2-0F95-8CDCA4E1D21A</sourceEntity>
<targetCardinalityString>1</targetCardinalityString>
<targetEntity>11DF786F-6E61-E787-28CA-695E49857367</targetEntity>
<transferable>true</transferable>
<deleteRule>NO ACTION</deleteRule>
</Relation>
