<?xml version = '1.0' encoding = 'UTF-8'?>
<Relation class="oracle.dbtools.crest.model.design.logical.Relation" name="manager_branch_fk" directorySegmentName="seg_0" id="1AC040CC-9435-BFB2-A2D0-3A9EC2A6F2A7">
<createdBy>LowPC</createdBy>
<createdTime>2024-09-12 10:04:33 UTC</createdTime>
<ownerDesignName>rcl_logical</ownerDesignName>
<engineerTo>
<item key="AE0C3E2F-75CD-DE7D-B2B4-1E236B0B3380" value="true"/>
</engineerTo>
<sourcePk>0F1F9160-D98F-C976-C902-E51A897FD0CD</sourcePk>
<identifying>false</identifying>
<nameOnSource>manages</nameOnSource>
<nameOnTarget> </nameOnTarget>
<optionalSource>false</optionalSource>
<optionalTarget>false</optionalTarget>
<sourceCardinality>1</sourceCardinality>
<sourceEntity>11DF786F-6E61-E787-28CA-695E49857367</sourceEntity>
<targetCardinalityString>*</targetCardinalityString>
<targetEntity>C646726C-5C20-80E2-0F95-8CDCA4E1D21A</targetEntity>
<transferable>true</transferable>
<deleteRule>NO ACTION</deleteRule>
</Relation>
