<?xml version = '1.0' encoding = 'UTF-8'?>
<Relation class="oracle.dbtools.crest.model.design.logical.Relation" name="branch_borrower_fk" directorySegmentName="seg_0" id="1CA1690E-2F64-1921-0A1D-332C32206F42">
<createdBy>LowPC</createdBy>
<createdTime>2024-09-12 10:09:40 UTC</createdTime>
<ownerDesignName>rcl_logical</ownerDesignName>
<engineerTo>
<item key="AE0C3E2F-75CD-DE7D-B2B4-1E236B0B3380" value="true"/>
</engineerTo>
<sourcePk>B8E95F7B-2107-C84F-43E1-B9AB2E347AD1</sourcePk>
<identifying>false</identifying>
<nameOnSource>home_to</nameOnSource>
<nameOnTarget> </nameOnTarget>
<optionalSource>true</optionalSource>
<optionalTarget>false</optionalTarget>
<sourceCardinality>1</sourceCardinality>
<sourceEntity>C646726C-5C20-80E2-0F95-8CDCA4E1D21A</sourceEntity>
<targetCardinalityString>*</targetCardinalityString>
<targetEntity>A7457C38-3418-BF36-D450-8C7456733FD9</targetEntity>
<transferable>true</transferable>
<deleteRule>NO ACTION</deleteRule>
</Relation>
