<?xml version = '1.0' encoding = 'UTF-8'?>
<Relation class="oracle.dbtools.crest.model.design.logical.Relation" name="book_copy_loan_fk" directorySegmentName="seg_0" id="1DE18517-1EF2-AE55-59A1-45F01105B21F">
<createdBy>LowPC</createdBy>
<createdTime>2024-09-12 10:11:00 UTC</createdTime>
<ownerDesignName>rcl_logical</ownerDesignName>
<engineerTo>
<item key="AE0C3E2F-75CD-DE7D-B2B4-1E236B0B3380" value="true"/>
</engineerTo>
<sourcePk>9DE41447-EE2C-F68C-E7D0-D9075E365E28</sourcePk>
<identifying>false</identifying>
<nameOnSource>is_lent</nameOnSource>
<nameOnTarget> </nameOnTarget>
<optionalSource>true</optionalSource>
<optionalTarget>false</optionalTarget>
<sourceCardinality>1</sourceCardinality>
<sourceEntity>76CEADDF-DF50-3CE4-3CC6-757A7B51546D</sourceEntity>
<targetCardinalityString>*</targetCardinalityString>
<targetEntity>0B6661FA-6355-2D70-B8CE-4AABA2DB6973</targetEntity>
<transferable>true</transferable>
<deleteRule>NO ACTION</deleteRule>
</Relation>
