<?xml version = '1.0' encoding = 'UTF-8'?>
<Relation class="oracle.dbtools.crest.model.design.logical.Relation" name="book_copy_reservation_fk" directorySegmentName="seg_0" id="33CACA38-B726-C08D-CB6A-104F0B55A054">
<createdBy>jason</createdBy>
<createdTime>2024-09-16 23:53:37 UTC</createdTime>
<ownerDesignName>rcl_logical</ownerDesignName>
<engineerTo>
<item key="AE0C3E2F-75CD-DE7D-B2B4-1E236B0B3380" value="true"/>
</engineerTo>
<sourcePk>9DE41447-EE2C-F68C-E7D0-D9075E365E28</sourcePk>
<identifying>false</identifying>
<nameOnSource>has</nameOnSource>
<nameOnTarget> </nameOnTarget>
<optionalSource>true</optionalSource>
<optionalTarget>false</optionalTarget>
<sourceCardinality>1</sourceCardinality>
<sourceEntity>76CEADDF-DF50-3CE4-3CC6-757A7B51546D</sourceEntity>
<targetCardinalityString>*</targetCardinalityString>
<targetEntity>516F21EE-FB46-846E-1120-7351A41D7FD9</targetEntity>
<transferable>true</transferable>
<deleteRule>NO ACTION</deleteRule>
</Relation>
