<?xml version = '1.0' encoding = 'UTF-8'?>
<Relation class="oracle.dbtools.crest.model.design.logical.Relation" name="author_catalogue_author_fk" directorySegmentName="seg_0" id="3F803ABA-C6A7-1449-8CBF-B4D1BAC45013">
<createdBy>LowPC</createdBy>
<createdTime>2024-09-13 06:24:35 UTC</createdTime>
<ownerDesignName>rcl_logical</ownerDesignName>
<engineerTo>
<item key="AE0C3E2F-75CD-DE7D-B2B4-1E236B0B3380" value="true"/>
</engineerTo>
<sourcePk>F73B2FA1-0696-BA97-E1B8-CA688A17F722</sourcePk>
<identifying>true</identifying>
<nameOnSource>is_in</nameOnSource>
<nameOnTarget> </nameOnTarget>
<optionalSource>false</optionalSource>
<optionalTarget>false</optionalTarget>
<sourceCardinality>1</sourceCardinality>
<sourceEntity>D331D2AA-82BA-60E3-E104-C9A1B9C88151</sourceEntity>
<targetCardinalityString>*</targetCardinalityString>
<targetEntity>AF7ACC65-AAFF-CEDE-10DD-82A2509EA772</targetEntity>
<transferable>true</transferable>
<deleteRule>NO ACTION</deleteRule>
</Relation>
