<?xml version = '1.0' encoding = 'UTF-8'?>
<Relation class="oracle.dbtools.crest.model.design.logical.Relation" name="catalogue_identifier_fk" directorySegmentName="seg_0" id="50825328-EBC1-6B91-ADEB-A444B2F1BB0F">
<createdBy>LowPC</createdBy>
<createdTime>2024-09-12 10:16:21 UTC</createdTime>
<ownerDesignName>rcl_logical</ownerDesignName>
<engineerTo>
<item key="AE0C3E2F-75CD-DE7D-B2B4-1E236B0B3380" value="true"/>
</engineerTo>
<sourcePk>82AF50E0-88CE-154C-8798-6237CCF6E9AD</sourcePk>
<identifying>false</identifying>
<nameOnSource>has</nameOnSource>
<nameOnTarget> </nameOnTarget>
<optionalSource>false</optionalSource>
<optionalTarget>false</optionalTarget>
<sourceCardinality>1</sourceCardinality>
<sourceEntity>C446A498-D26C-19C9-A79E-7294DBCA8115</sourceEntity>
<targetCardinalityString>*</targetCardinalityString>
<targetEntity>FC52C165-9E6D-56F7-107B-D327770B2E37</targetEntity>
<transferable>true</transferable>
<deleteRule>NO ACTION</deleteRule>
</Relation>
