<?xml version = '1.0' encoding = 'UTF-8'?>
<Relation class="oracle.dbtools.crest.model.design.logical.Relation" name="borrower_reservation_fk" directorySegmentName="seg_0" id="569E0C9A-4F1C-9BE3-8B66-00F12EBBB0B2">
<createdBy>LowPC</createdBy>
<createdTime>2024-09-13 06:22:24 UTC</createdTime>
<ownerDesignName>rcl_logical</ownerDesignName>
<engineerTo>
<item key="AE0C3E2F-75CD-DE7D-B2B4-1E236B0B3380" value="true"/>
</engineerTo>
<sourcePk>18B3C5FB-E026-C200-4316-B9D0C50B4E0C</sourcePk>
<identifying>false</identifying>
<nameOnSource>has</nameOnSource>
<nameOnTarget> </nameOnTarget>
<optionalSource>true</optionalSource>
<optionalTarget>false</optionalTarget>
<sourceCardinality>1</sourceCardinality>
<sourceEntity>A7457C38-3418-BF36-D450-8C7456733FD9</sourceEntity>
<targetCardinalityString>*</targetCardinalityString>
<targetEntity>516F21EE-FB46-846E-1120-7351A41D7FD9</targetEntity>
<transferable>true</transferable>
<deleteRule>NO ACTION</deleteRule>
</Relation>
