<?xml version = '1.0' encoding = 'UTF-8'?>
<Relation class="oracle.dbtools.crest.model.design.logical.Relation" name="book_copy_identifier_fk" directorySegmentName="seg_0" id="58F5A591-11A6-43CF-8B2D-831BFC8B8297">
<createdBy>LowPC</createdBy>
<createdTime>2024-09-12 10:14:57 UTC</createdTime>
<ownerDesignName>rcl_logical</ownerDesignName>
<engineerTo>
<item key="AE0C3E2F-75CD-DE7D-B2B4-1E236B0B3380" value="true"/>
</engineerTo>
<sourcePk>9DE41447-EE2C-F68C-E7D0-D9075E365E28</sourcePk>
<targetPk>27FC230F-00B0-1938-4557-B512A7FED4B2</targetPk>
<identifying>false</identifying>
<nameOnSource>has</nameOnSource>
<nameOnTarget> </nameOnTarget>
<optionalSource>false</optionalSource>
<optionalTarget>true</optionalTarget>
<sourceCardinality>*</sourceCardinality>
<sourceEntity>76CEADDF-DF50-3CE4-3CC6-757A7B51546D</sourceEntity>
<targetCardinalityString>1</targetCardinalityString>
<targetEntity>FC52C165-9E6D-56F7-107B-D327770B2E37</targetEntity>
<transferable>true</transferable>
<deleteRule>NO ACTION</deleteRule>
</Relation>
