<?xml version = '1.0' encoding = 'UTF-8'?>
<Relation class="oracle.dbtools.crest.model.design.logical.Relation" name="publisher_catalogue_fk" directorySegmentName="seg_0" id="7773D7EB-81A1-3D4E-6B56-EB98714D0238">
<createdBy>LowPC</createdBy>
<createdTime>2024-09-12 10:17:01 UTC</createdTime>
<ownerDesignName>rcl_logical</ownerDesignName>
<engineerTo>
<item key="AE0C3E2F-75CD-DE7D-B2B4-1E236B0B3380" value="true"/>
</engineerTo>
<sourcePk>C3043C5F-BE7E-74D7-0E81-EE1A3DC779B8</sourcePk>
<identifying>false</identifying>
<nameOnSource>publishes</nameOnSource>
<nameOnTarget> </nameOnTarget>
<optionalSource>false</optionalSource>
<optionalTarget>false</optionalTarget>
<sourceCardinality>1</sourceCardinality>
<sourceEntity>DD168DCF-43FB-78E5-A4FA-B18E7730ED25</sourceEntity>
<targetCardinalityString>*</targetCardinalityString>
<targetEntity>C446A498-D26C-19C9-A79E-7294DBCA8115</targetEntity>
<transferable>true</transferable>
<deleteRule>NO ACTION</deleteRule>
</Relation>
