<?xml version = '1.0' encoding = 'UTF-8'?>
<Relation class="oracle.dbtools.crest.model.design.logical.Relation" name="subject_catalogue_subject_fk" directorySegmentName="seg_0" id="81C7620B-1EA8-4240-AC2E-58F4F64DD912">
<createdBy>LowPC</createdBy>
<createdTime>2024-09-13 06:25:34 UTC</createdTime>
<ownerDesignName>rcl_logical</ownerDesignName>
<engineerTo>
<item key="AE0C3E2F-75CD-DE7D-B2B4-1E236B0B3380" value="true"/>
</engineerTo>
<sourcePk>CB274557-CC73-C8D0-2532-3A38F1B82C7F</sourcePk>
<identifying>true</identifying>
<nameOnSource>is_in</nameOnSource>
<nameOnTarget> </nameOnTarget>
<optionalSource>false</optionalSource>
<optionalTarget>false</optionalTarget>
<sourceCardinality>1</sourceCardinality>
<sourceEntity>56FF4003-0DBB-7936-C16D-A36CD199FF8B</sourceEntity>
<targetCardinalityString>*</targetCardinalityString>
<targetEntity>D7CCFC9F-97CF-85B9-17FE-EAE968765820</targetEntity>
<transferable>true</transferable>
<deleteRule>NO ACTION</deleteRule>
</Relation>
