<?xml version = '1.0' encoding = 'UTF-8'?>
<Relation class="oracle.dbtools.crest.model.design.logical.Relation" name="class_borrower_fk" directorySegmentName="seg_0" id="81F3ED01-31D4-4781-E1C4-526035EC9A46">
<createdBy>LowPC</createdBy>
<createdTime>2024-09-13 06:22:57 UTC</createdTime>
<ownerDesignName>rcl_logical</ownerDesignName>
<engineerTo>
<item key="AE0C3E2F-75CD-DE7D-B2B4-1E236B0B3380" value="true"/>
</engineerTo>
<sourcePk>811BB579-F924-D334-547F-BF46BB8ECA69</sourcePk>
<identifying>false</identifying>
<nameOnSource>assigned_to</nameOnSource>
<nameOnTarget> </nameOnTarget>
<optionalSource>false</optionalSource>
<optionalTarget>false</optionalTarget>
<sourceCardinality>1</sourceCardinality>
<sourceEntity>BFBEAA8C-27CB-1EFA-C4A3-BB080886BE2F</sourceEntity>
<targetCardinalityString>*</targetCardinalityString>
<targetEntity>A7457C38-3418-BF36-D450-8C7456733FD9</targetEntity>
<transferable>true</transferable>
<deleteRule>NO ACTION</deleteRule>
</Relation>
