<?xml version = '1.0' encoding = 'UTF-8'?>
<Relation class="oracle.dbtools.crest.model.design.logical.Relation" name="catalogue_catalogue_author_fk" directorySegmentName="seg_0" id="DFDC152C-2D84-F545-AE36-5C070AA9DC63">
<createdBy>LowPC</createdBy>
<createdTime>2024-09-13 06:24:00 UTC</createdTime>
<ownerDesignName>rcl_logical</ownerDesignName>
<engineerTo>
<item key="AE0C3E2F-75CD-DE7D-B2B4-1E236B0B3380" value="true"/>
</engineerTo>
<sourcePk>82AF50E0-88CE-154C-8798-6237CCF6E9AD</sourcePk>
<identifying>true</identifying>
<nameOnSource>has</nameOnSource>
<nameOnTarget> </nameOnTarget>
<optionalSource>false</optionalSource>
<optionalTarget>false</optionalTarget>
<sourceCardinality>1</sourceCardinality>
<sourceEntity>C446A498-D26C-19C9-A79E-7294DBCA8115</sourceEntity>
<targetCardinalityString>*</targetCardinalityString>
<targetEntity>AF7ACC65-AAFF-CEDE-10DD-82A2509EA772</targetEntity>
<transferable>true</transferable>
<deleteRule>NO ACTION</deleteRule>
</Relation>
