<?xml version = '1.0' encoding = 'UTF-8'?>
<Relation class="oracle.dbtools.crest.model.design.logical.Relation" name="lga_branch_fk" directorySegmentName="seg_0" id="E67438A6-2724-60DF-42FD-2B7EB552810D">
<createdBy>LowPC</createdBy>
<createdTime>2024-09-12 10:09:03 UTC</createdTime>
<ownerDesignName>rcl_logical</ownerDesignName>
<engineerTo>
<item key="AE0C3E2F-75CD-DE7D-B2B4-1E236B0B3380" value="true"/>
</engineerTo>
<sourcePk>E9AD3D4E-625F-68B0-BCEA-BAFB875C69AE</sourcePk>
<identifying>false</identifying>
<nameOnSource>opens</nameOnSource>
<nameOnTarget> </nameOnTarget>
<optionalSource>false</optionalSource>
<optionalTarget>false</optionalTarget>
<sourceCardinality>1</sourceCardinality>
<sourceEntity>4ECF5392-C585-71C2-E203-97E6298DC211</sourceEntity>
<targetCardinalityString>*</targetCardinalityString>
<targetEntity>C646726C-5C20-80E2-0F95-8CDCA4E1D21A</targetEntity>
<transferable>true</transferable>
<deleteRule>NO ACTION</deleteRule>
</Relation>
