<?xml version = '1.0' encoding = 'UTF-8'?>
<Relation class="oracle.dbtools.crest.model.design.logical.Relation" name="borrower_loan_fk" directorySegmentName="seg_0" id="F12F7A21-360D-97E1-342F-A00BAF6F879F">
<createdBy>LowPC</createdBy>
<createdTime>2024-09-12 10:11:38 UTC</createdTime>
<ownerDesignName>rcl_logical</ownerDesignName>
<engineerTo>
<item key="AE0C3E2F-75CD-DE7D-B2B4-1E236B0B3380" value="true"/>
</engineerTo>
<sourcePk>18B3C5FB-E026-C200-4316-B9D0C50B4E0C</sourcePk>
<identifying>false</identifying>
<nameOnSource>takes_out</nameOnSource>
<nameOnTarget> </nameOnTarget>
<optionalSource>false</optionalSource>
<optionalTarget>false</optionalTarget>
<sourceCardinality>1</sourceCardinality>
<sourceEntity>A7457C38-3418-BF36-D450-8C7456733FD9</sourceEntity>
<targetCardinalityString>*</targetCardinalityString>
<targetEntity>0B6661FA-6355-2D70-B8CE-4AABA2DB6973</targetEntity>
<transferable>true</transferable>
<deleteRule>NO ACTION</deleteRule>
</Relation>
