<?xml version = '1.0' encoding = 'UTF-8'?>
<FKIndexAssociation class="oracle.dbtools.crest.model.design.relational.FKIndexAssociation" directorySegmentName="seg_0" id="2FF39409-F348-E41A-6036-D0999F68804C" containerWithKeyObject="9636CF7C-BC14-5EF3-9F38-6B9CE2234198" localFKIndex="22F48472-7B41-03CC-529A-2DAD500CE645" name="book_copy_loan_fk">
<createdBy>LowPC</createdBy>
<createdTime>2024-09-17 04:05:29 UTC</createdTime>
<generatorID>1DE18517-1EF2-AE55-59A1-45F01105B21F</generatorID>
<ownerDesignName>rcl_logical</ownerDesignName>
<referredTableLongName>BOOK_COPY</referredTableLongName>
<deleteRule>NO ACTION</deleteRule>
<referredTableID>1C186246-21B8-261F-140A-3905BDBF0742</referredTableID>
<keyObject>7DDAA7F9-9092-F84C-C7F4-C4E6A14CA350</keyObject>
<referredKeyID>7DDAA7F9-9092-F84C-C7F4-C4E6A14CA350</referredKeyID>
<mandatory>true</mandatory>
<refColNames>book_copy_id,branch_code</refColNames>
<transferable>true</transferable>
<rely>false</rely>
<columnDependencyConstraintGenerateInDDL>true</columnDependencyConstraintGenerateInDDL>
</FKIndexAssociation>
