<?xml version = '1.0' encoding = 'UTF-8'?>
<FKIndexAssociation class="oracle.dbtools.crest.model.design.relational.FKIndexAssociation" directorySegmentName="seg_0" id="57C5BF8C-D3CB-4F06-7A6E-2BB6E87DAE3E" containerWithKeyObject="F929FE78-76A1-B89F-FA61-9E5141F2CC91" localFKIndex="791AEA48-C256-97D9-9018-49DFB9403421" name="borrower_reservation_fk">
<createdBy>LowPC</createdBy>
<createdTime>2024-09-17 04:05:29 UTC</createdTime>
<generatorID>569E0C9A-4F1C-9BE3-8B66-00F12EBBB0B2</generatorID>
<ownerDesignName>rcl_logical</ownerDesignName>
<referredTableLongName>BORROWER</referredTableLongName>
<deleteRule>NO ACTION</deleteRule>
<referredTableID>801D6BA1-F452-FA1A-0458-CDE3F7DE332E</referredTableID>
<keyObject>AC4175C7-DA55-DA98-2145-074B915CBF3C</keyObject>
<referredKeyID>AC4175C7-DA55-DA98-2145-074B915CBF3C</referredKeyID>
<mandatory>true</mandatory>
<refColNames>borrower_no</refColNames>
<transferable>true</transferable>
<rely>false</rely>
<columnDependencyConstraintGenerateInDDL>true</columnDependencyConstraintGenerateInDDL>
</FKIndexAssociation>
