<?xml version = '1.0' encoding = 'UTF-8'?>
<FKIndexAssociation class="oracle.dbtools.crest.model.design.relational.FKIndexAssociation" directorySegmentName="seg_0" id="5B0700CA-B834-D329-D132-BA6154B7DDD5" containerWithKeyObject="1C186246-21B8-261F-140A-3905BDBF0742" localFKIndex="07D0D8E5-A375-9E7F-A1D1-BAD9CD4FF489" name="branch_book_copy_fk">
<createdBy>LowPC</createdBy>
<createdTime>2024-09-17 04:05:29 UTC</createdTime>
<generatorID>0D5C55D8-0EB6-7D57-03F2-F1CAF2922C5C</generatorID>
<ownerDesignName>rcl_logical</ownerDesignName>
<referredTableLongName>BRANCH</referredTableLongName>
<deleteRule>NO ACTION</deleteRule>
<referredTableID>BF676369-2DBF-5957-B1AA-84E263FC80B8</referredTableID>
<keyObject>2F75147B-5CD5-4A84-BDE4-7C2C6D522B55</keyObject>
<referredKeyID>2F75147B-5CD5-4A84-BDE4-7C2C6D522B55</referredKeyID>
<mandatory>true</mandatory>
<refColNames>branch_code</refColNames>
<transferable>true</transferable>
<rely>false</rely>
<columnDependencyConstraintGenerateInDDL>true</columnDependencyConstraintGenerateInDDL>
</FKIndexAssociation>
