<?xml version = '1.0' encoding = 'UTF-8'?>
<FKIndexAssociation class="oracle.dbtools.crest.model.design.relational.FKIndexAssociation" directorySegmentName="seg_0" id="5B9B4A40-BC93-A540-317C-449F0356C485" containerWithKeyObject="8153EEAB-19C9-8952-221A-47C510D3E8D2" localFKIndex="CEDBD5C4-A24C-4B97-C9AB-E92E1442D502" name="catalogue_identifier_fk">
<createdBy>LowPC</createdBy>
<createdTime>2024-09-17 04:05:29 UTC</createdTime>
<generatorID>50825328-EBC1-6B91-ADEB-A444B2F1BB0F</generatorID>
<ownerDesignName>rcl_logical</ownerDesignName>
<referredTableLongName>CATALOGUE</referredTableLongName>
<deleteRule>NO ACTION</deleteRule>
<referredTableID>92A89C3A-8DBA-77E7-43E5-AF4DED6B548B</referredTableID>
<keyObject>C732066D-1A4C-D9CC-C319-5CC4BC3D77A3</keyObject>
<referredKeyID>C732066D-1A4C-D9CC-C319-5CC4BC3D77A3</referredKeyID>
<mandatory>true</mandatory>
<refColNames>catalogue_call_no</refColNames>
<transferable>true</transferable>
<rely>false</rely>
<columnDependencyConstraintGenerateInDDL>true</columnDependencyConstraintGenerateInDDL>
</FKIndexAssociation>
