<?xml version = '1.0' encoding = 'UTF-8'?>
<FKIndexAssociation class="oracle.dbtools.crest.model.design.relational.FKIndexAssociation" directorySegmentName="seg_0" id="736DC36B-8F2D-2465-90D6-0CFC5763FBB5" containerWithKeyObject="50382451-61C4-CC71-C8A3-AB4429247567" localFKIndex="5DB6DF20-3318-4C8D-BC16-0D52D91F3B6A" name="catalogue_catalogue_subject_fk">
<createdBy>LowPC</createdBy>
<createdTime>2024-09-17 04:05:29 UTC</createdTime>
<generatorID>0EE07717-9311-4D34-55EE-32ED783B1A16</generatorID>
<ownerDesignName>rcl_logical</ownerDesignName>
<referredTableLongName>CATALOGUE</referredTableLongName>
<deleteRule>NO ACTION</deleteRule>
<referredTableID>92A89C3A-8DBA-77E7-43E5-AF4DED6B548B</referredTableID>
<keyObject>C732066D-1A4C-D9CC-C319-5CC4BC3D77A3</keyObject>
<referredKeyID>C732066D-1A4C-D9CC-C319-5CC4BC3D77A3</referredKeyID>
<mandatory>true</mandatory>
<refColNames>catalogue_call_no</refColNames>
<transferable>true</transferable>
<rely>false</rely>
<columnDependencyConstraintGenerateInDDL>true</columnDependencyConstraintGenerateInDDL>
</FKIndexAssociation>
