<?xml version = '1.0' encoding = 'UTF-8'?>
<FKIndexAssociation class="oracle.dbtools.crest.model.design.relational.FKIndexAssociation" directorySegmentName="seg_0" id="73A14D53-C419-26A0-9CF3-92CD403859FF" containerWithKeyObject="F929FE78-76A1-B89F-FA61-9E5141F2CC91" localFKIndex="78F2CBD2-15E5-5329-A44E-617A2C39776C" name="book_copy_reservation_fk">
<createdBy>LowPC</createdBy>
<createdTime>2024-09-17 04:05:29 UTC</createdTime>
<generatorID>33CACA38-B726-C08D-CB6A-104F0B55A054</generatorID>
<ownerDesignName>rcl_logical</ownerDesignName>
<referredTableLongName>BOOK_COPY</referredTableLongName>
<deleteRule>NO ACTION</deleteRule>
<referredTableID>1C186246-21B8-261F-140A-3905BDBF0742</referredTableID>
<keyObject>7DDAA7F9-9092-F84C-C7F4-C4E6A14CA350</keyObject>
<referredKeyID>7DDAA7F9-9092-F84C-C7F4-C4E6A14CA350</referredKeyID>
<mandatory>true</mandatory>
<refColNames>book_copy_id,branch_code</refColNames>
<transferable>true</transferable>
<rely>false</rely>
<columnDependencyConstraintGenerateInDDL>true</columnDependencyConstraintGenerateInDDL>
</FKIndexAssociation>
