<?xml version = '1.0' encoding = 'UTF-8'?>
<FKIndexAssociation class="oracle.dbtools.crest.model.design.relational.FKIndexAssociation" directorySegmentName="seg_0" id="7A3E189F-3306-87F2-1B1F-6656EEA46539" containerWithKeyObject="DD081406-AAAD-BEF6-962F-2B1BBB92E5A8" localFKIndex="2F9DE00D-0297-0ED8-9A3C-E64EEFA4D50C" name="catalogue_catalogue_author_fk">
<createdBy>LowPC</createdBy>
<createdTime>2024-09-17 04:05:29 UTC</createdTime>
<generatorID>DFDC152C-2D84-F545-AE36-5C070AA9DC63</generatorID>
<ownerDesignName>rcl_logical</ownerDesignName>
<referredTableLongName>CATALOGUE</referredTableLongName>
<deleteRule>NO ACTION</deleteRule>
<referredTableID>92A89C3A-8DBA-77E7-43E5-AF4DED6B548B</referredTableID>
<keyObject>C732066D-1A4C-D9CC-C319-5CC4BC3D77A3</keyObject>
<referredKeyID>C732066D-1A4C-D9CC-C319-5CC4BC3D77A3</referredKeyID>
<mandatory>true</mandatory>
<refColNames>catalogue_call_no</refColNames>
<transferable>true</transferable>
<rely>false</rely>
<columnDependencyConstraintGenerateInDDL>true</columnDependencyConstraintGenerateInDDL>
</FKIndexAssociation>
