<?xml version = '1.0' encoding = 'UTF-8'?>
<FKIndexAssociation class="oracle.dbtools.crest.model.design.relational.FKIndexAssociation" directorySegmentName="seg_0" id="8CCEAD0C-045C-794D-9E66-EB6A85C58749" containerWithKeyObject="9636CF7C-BC14-5EF3-9F38-6B9CE2234198" localFKIndex="D6AA3D2B-3BB2-2428-A122-49CFBC204042" name="borrower_loan_fk">
<createdBy>LowPC</createdBy>
<createdTime>2024-09-17 04:05:29 UTC</createdTime>
<generatorID>F12F7A21-360D-97E1-342F-A00BAF6F879F</generatorID>
<ownerDesignName>rcl_logical</ownerDesignName>
<referredTableLongName>BORROWER</referredTableLongName>
<deleteRule>NO ACTION</deleteRule>
<referredTableID>801D6BA1-F452-FA1A-0458-CDE3F7DE332E</referredTableID>
<keyObject>AC4175C7-DA55-DA98-2145-074B915CBF3C</keyObject>
<referredKeyID>AC4175C7-DA55-DA98-2145-074B915CBF3C</referredKeyID>
<mandatory>true</mandatory>
<refColNames>borrower_no</refColNames>
<transferable>true</transferable>
<rely>false</rely>
<columnDependencyConstraintGenerateInDDL>true</columnDependencyConstraintGenerateInDDL>
</FKIndexAssociation>
