<?xml version = '1.0' encoding = 'UTF-8'?>
<FKIndexAssociation class="oracle.dbtools.crest.model.design.relational.FKIndexAssociation" directorySegmentName="seg_0" id="9A812929-4D21-810C-8D1A-E48E84E2724E" containerWithKeyObject="92A89C3A-8DBA-77E7-43E5-AF4DED6B548B" localFKIndex="8A9BFB38-59F4-FA62-FA02-17F351153CFB" name="publisher_catalogue_fk">
<createdBy>LowPC</createdBy>
<createdTime>2024-09-17 04:05:29 UTC</createdTime>
<generatorID>7773D7EB-81A1-3D4E-6B56-EB98714D0238</generatorID>
<ownerDesignName>rcl_logical</ownerDesignName>
<referredTableLongName>PUBLISHER</referredTableLongName>
<deleteRule>NO ACTION</deleteRule>
<referredTableID>11612BC3-A37D-6798-9318-5DEBACA2651D</referredTableID>
<keyObject>E0D43B6B-A188-4F8E-7B86-B9A4854BE364</keyObject>
<referredKeyID>E0D43B6B-A188-4F8E-7B86-B9A4854BE364</referredKeyID>
<mandatory>true</mandatory>
<refColNames>publisher_id</refColNames>
<transferable>true</transferable>
<rely>false</rely>
<columnDependencyConstraintGenerateInDDL>true</columnDependencyConstraintGenerateInDDL>
</FKIndexAssociation>
