<?xml version = '1.0' encoding = 'UTF-8'?>
<FKIndexAssociation class="oracle.dbtools.crest.model.design.relational.FKIndexAssociation" directorySegmentName="seg_0" id="9C304427-5E19-F2E6-223D-3538988D49A2" containerWithKeyObject="BF676369-2DBF-5957-B1AA-84E263FC80B8" localFKIndex="EE05CA10-FA35-1E8B-82B3-D387A1CAA369" name="lga_branch_fk">
<createdBy>LowPC</createdBy>
<createdTime>2024-09-17 04:05:29 UTC</createdTime>
<generatorID>E67438A6-2724-60DF-42FD-2B7EB552810D</generatorID>
<ownerDesignName>rcl_logical</ownerDesignName>
<referredTableLongName>LGA</referredTableLongName>
<deleteRule>NO ACTION</deleteRule>
<referredTableID>151B0C3A-FA21-5BC2-D057-4B73857D00E9</referredTableID>
<keyObject>56AD751F-B330-E2AC-B58B-14C7668B4AB3</keyObject>
<referredKeyID>56AD751F-B330-E2AC-B58B-14C7668B4AB3</referredKeyID>
<mandatory>true</mandatory>
<refColNames>LGA_id</refColNames>
<transferable>true</transferable>
<rely>false</rely>
<columnDependencyConstraintGenerateInDDL>true</columnDependencyConstraintGenerateInDDL>
</FKIndexAssociation>
