<?xml version = '1.0' encoding = 'UTF-8'?>
<FKIndexAssociation class="oracle.dbtools.crest.model.design.relational.FKIndexAssociation" directorySegmentName="seg_0" id="BB7996B6-ADD5-3634-E616-F6CB909E4449" containerWithKeyObject="1C186246-21B8-261F-140A-3905BDBF0742" localFKIndex="332F2B47-200B-E9EB-9E7B-0E0A3D3B87C6" name="book_copy_identifier_fk">
<createdBy>LowPC</createdBy>
<createdTime>2024-09-17 04:05:29 UTC</createdTime>
<generatorID>58F5A591-11A6-43CF-8B2D-831BFC8B8297</generatorID>
<ownerDesignName>rcl_logical</ownerDesignName>
<referredTableLongName>IDENTIFIER</referredTableLongName>
<deleteRule>NO ACTION</deleteRule>
<referredTableID>8153EEAB-19C9-8952-221A-47C510D3E8D2</referredTableID>
<keyObject>B47FC480-D994-B7BB-DB04-BC94EF86C376</keyObject>
<referredKeyID>B47FC480-D994-B7BB-DB04-BC94EF86C376</referredKeyID>
<mandatory>true</mandatory>
<refColNames>identifier_ISBN</refColNames>
<transferable>true</transferable>
<rely>false</rely>
<columnDependencyConstraintGenerateInDDL>true</columnDependencyConstraintGenerateInDDL>
</FKIndexAssociation>
