<?xml version = '1.0' encoding = 'UTF-8'?>
<FKIndexAssociation class="oracle.dbtools.crest.model.design.relational.FKIndexAssociation" directorySegmentName="seg_0" id="C9A3B39E-CB29-13A0-3E4A-EFFA68F7DC42" containerWithKeyObject="801D6BA1-F452-FA1A-0458-CDE3F7DE332E" localFKIndex="68CB680D-8607-B2EE-A39D-8DEEAF083342" name="branch_borrower_fk">
<createdBy>LowPC</createdBy>
<createdTime>2024-09-17 04:05:29 UTC</createdTime>
<generatorID>1CA1690E-2F64-1921-0A1D-332C32206F42</generatorID>
<ownerDesignName>rcl_logical</ownerDesignName>
<referredTableLongName>BRANCH</referredTableLongName>
<deleteRule>NO ACTION</deleteRule>
<referredTableID>BF676369-2DBF-5957-B1AA-84E263FC80B8</referredTableID>
<keyObject>2F75147B-5CD5-4A84-BDE4-7C2C6D522B55</keyObject>
<referredKeyID>2F75147B-5CD5-4A84-BDE4-7C2C6D522B55</referredKeyID>
<mandatory>true</mandatory>
<refColNames>branch_code</refColNames>
<transferable>true</transferable>
<rely>false</rely>
<columnDependencyConstraintGenerateInDDL>true</columnDependencyConstraintGenerateInDDL>
</FKIndexAssociation>
