<?xml version = '1.0' encoding = 'UTF-8'?>
<FKIndexAssociation class="oracle.dbtools.crest.model.design.relational.FKIndexAssociation" directorySegmentName="seg_0" id="CCD905EF-02F7-7D24-BC76-EF8E4957364A" containerWithKeyObject="7701D979-ACB6-F870-5D39-221CCAEE3193" localFKIndex="F9B2A21D-094B-631B-997D-6C50004B06CA" name="branch_manager_fk">
<createdBy>LowPC</createdBy>
<createdTime>2024-09-17 04:05:29 UTC</createdTime>
<generatorID>15931119-98A5-31C1-DF3C-417E9736A390</generatorID>
<ownerDesignName>rcl_logical</ownerDesignName>
<referredTableLongName>BRANCH</referredTableLongName>
<deleteRule>NO ACTION</deleteRule>
<referredTableID>BF676369-2DBF-5957-B1AA-84E263FC80B8</referredTableID>
<keyObject>2F75147B-5CD5-4A84-BDE4-7C2C6D522B55</keyObject>
<referredKeyID>2F75147B-5CD5-4A84-BDE4-7C2C6D522B55</referredKeyID>
<mandatory>true</mandatory>
<refColNames>branch_code</refColNames>
<transferable>true</transferable>
<rely>false</rely>
<columnDependencyConstraintGenerateInDDL>true</columnDependencyConstraintGenerateInDDL>
</FKIndexAssociation>
