<?xml version = '1.0' encoding = 'UTF-8'?>
<FKIndexAssociation class="oracle.dbtools.crest.model.design.relational.FKIndexAssociation" directorySegmentName="seg_0" id="D19B17FA-05C7-F17F-71BA-A6F0E8E5D808" containerWithKeyObject="DD081406-AAAD-BEF6-962F-2B1BBB92E5A8" localFKIndex="D6B8100D-4996-A9AC-FB79-CA72F788EDFE" name="author_catalogue_author_fk">
<createdBy>LowPC</createdBy>
<createdTime>2024-09-17 04:05:29 UTC</createdTime>
<generatorID>3F803ABA-C6A7-1449-8CBF-B4D1BAC45013</generatorID>
<ownerDesignName>rcl_logical</ownerDesignName>
<referredTableLongName>AUTHOR</referredTableLongName>
<deleteRule>NO ACTION</deleteRule>
<referredTableID>17E89438-5D18-B185-6834-281D60413B39</referredTableID>
<keyObject>90FBAA83-4C73-4E26-26C3-458F9B770EE5</keyObject>
<referredKeyID>90FBAA83-4C73-4E26-26C3-458F9B770EE5</referredKeyID>
<mandatory>true</mandatory>
<refColNames>author_id</refColNames>
<transferable>true</transferable>
<rely>false</rely>
<columnDependencyConstraintGenerateInDDL>true</columnDependencyConstraintGenerateInDDL>
</FKIndexAssociation>
