<?xml version = '1.0' encoding = 'UTF-8'?>
<FKIndexAssociation class="oracle.dbtools.crest.model.design.relational.FKIndexAssociation" directorySegmentName="seg_0" id="D2965FD2-6925-8244-7A32-578072B59F77" containerWithKeyObject="801D6BA1-F452-FA1A-0458-CDE3F7DE332E" localFKIndex="B028DCBA-5F68-4AD2-1F00-97B9F1AD7F2F" name="class_borrower_fk">
<createdBy>LowPC</createdBy>
<createdTime>2024-09-17 04:05:29 UTC</createdTime>
<generatorID>81F3ED01-31D4-4781-E1C4-526035EC9A46</generatorID>
<ownerDesignName>rcl_logical</ownerDesignName>
<referredTableLongName>CLASS</referredTableLongName>
<deleteRule>NO ACTION</deleteRule>
<referredTableID>4B3A2E09-3216-D9F9-B53D-1C13E3689BB4</referredTableID>
<keyObject>F6293A0F-87D9-67A4-2FC0-7F1141D23379</keyObject>
<referredKeyID>F6293A0F-87D9-67A4-2FC0-7F1141D23379</referredKeyID>
<mandatory>true</mandatory>
<refColNames>class_type</refColNames>
<transferable>true</transferable>
<rely>false</rely>
<columnDependencyConstraintGenerateInDDL>true</columnDependencyConstraintGenerateInDDL>
</FKIndexAssociation>
