<?xml version = '1.0' encoding = 'UTF-8'?>
<FKIndexAssociation class="oracle.dbtools.crest.model.design.relational.FKIndexAssociation" directorySegmentName="seg_0" id="D4AA8B0B-BDDB-3EB6-8E40-EE666BFF202A" containerWithKeyObject="50382451-61C4-CC71-C8A3-AB4429247567" localFKIndex="9EC83A01-FBCF-C978-210C-D42CCF99DA9D" name="subject_catalogue_subject_fk">
<createdBy>LowPC</createdBy>
<createdTime>2024-09-17 04:05:29 UTC</createdTime>
<generatorID>81C7620B-1EA8-4240-AC2E-58F4F64DD912</generatorID>
<ownerDesignName>rcl_logical</ownerDesignName>
<referredTableLongName>SUBJECT</referredTableLongName>
<deleteRule>NO ACTION</deleteRule>
<referredTableID>6B78657E-D78E-666F-E459-4ADC8DC07120</referredTableID>
<keyObject>D1F4C44A-68D6-76FB-E169-6991F3CB8BF3</keyObject>
<referredKeyID>D1F4C44A-68D6-76FB-E169-6991F3CB8BF3</referredKeyID>
<mandatory>true</mandatory>
<refColNames>subject_id</refColNames>
<transferable>true</transferable>
<rely>false</rely>
<columnDependencyConstraintGenerateInDDL>true</columnDependencyConstraintGenerateInDDL>
</FKIndexAssociation>
