<?xml version = '1.0' encoding = 'UTF-8'?>
<FKIndexAssociation class="oracle.dbtools.crest.model.design.relational.FKIndexAssociation" directorySegmentName="seg_0" id="EA4B3994-046E-79F4-8D7A-E0088BDA1AC8" containerWithKeyObject="BF676369-2DBF-5957-B1AA-84E263FC80B8" localFKIndex="893237FF-19C7-B234-CF3F-EF7805392896" name="manager_branch_fk">
<createdBy>LowPC</createdBy>
<createdTime>2024-09-17 04:05:29 UTC</createdTime>
<generatorID>1AC040CC-9435-BFB2-A2D0-3A9EC2A6F2A7</generatorID>
<ownerDesignName>rcl_logical</ownerDesignName>
<referredTableLongName>MANAGER</referredTableLongName>
<deleteRule>NO ACTION</deleteRule>
<referredTableID>7701D979-ACB6-F870-5D39-221CCAEE3193</referredTableID>
<keyObject>A57A7EFC-B410-8B8D-59BD-CF78E298B664</keyObject>
<referredKeyID>A57A7EFC-B410-8B8D-59BD-CF78E298B664</referredKeyID>
<mandatory>true</mandatory>
<refColNames>manager_id</refColNames>
<transferable>true</transferable>
<rely>false</rely>
<columnDependencyConstraintGenerateInDDL>true</columnDependencyConstraintGenerateInDDL>
</FKIndexAssociation>
