<?xml version = '1.0' encoding = 'UTF-8'?>
<Diagram class="oracle.dbtools.crest.swingui.relational.DPVRelational" name="Relational_1" id="A5EBD4F2-F836-94ED-2230-B8AC3D7271FB">
<createdBy>G067 - Jason Abi Chebli (31444059) and Keng Hong Low (34280014)</createdBy>
<modifiedBy>G067 - Jason Abi Chebli (31444059) and Keng Hong Low (34280014)</modifiedBy>
<createdTime>2024-09-12 08:28:53 UTC</createdTime>
<autoRoute>false</autoRoute>
<boxInbox>true</boxInbox>
<showLegend>true</showLegend>
<showLabels>false</showLabels>
<showRelAttributes>false</showRelAttributes>
<gridEnabled>false</gridEnabled>
<showGrid>false</showGrid>
<diagramColor>-1</diagramColor>
<display>false</display>
<notation>1</notation>
<objectViews>
<OView class="oracle.dbtools.crest.swingui.relational.TVTable" oid="11612BC3-A37D-6798-9318-5DEBACA2651D" otype="Table" vid="A8C67DE3-71F8-D8FE-3DE2-37CC457F24DE">
<hideElementsInCurrentOnly>false</hideElementsInCurrentOnly>
<bounds x="1291" y="1047" width="211" height="74"/>
</OView>
<OView class="oracle.dbtools.crest.swingui.relational.TVTable" oid="151B0C3A-FA21-5BC2-D057-4B73857D00E9" otype="Table" vid="2FEC782C-2DCD-E02D-A137-15C8893A0D1B">
<hideElementsInCurrentOnly>false</hideElementsInCurrentOnly>
<bounds x="945" y="76" width="252" height="116"/>
</OView>
<OView class="oracle.dbtools.crest.swingui.relational.TVTable" oid="17E89438-5D18-B185-6834-281D60413B39" otype="Table" vid="FFF45B04-C18D-8831-2EE3-18692A5076E2">
<hideElementsInCurrentOnly>false</hideElementsInCurrentOnly>
<bounds x="237" y="1040" width="201" height="88"/>
</OView>
<OView class="oracle.dbtools.crest.swingui.relational.TVTable" oid="1C186246-21B8-261F-140A-3905BDBF0742" otype="Table" vid="51DBA37A-3866-3FB6-EE72-9E53DACDB11E">
<hideElementsInCurrentOnly>false</hideElementsInCurrentOnly>
<bounds x="937" y="642" width="264" height="150"/>
</OView>
<OView class="oracle.dbtools.crest.swingui.relational.TVTable" oid="4B3A2E09-3216-D9F9-B53D-1C13E3689BB4" otype="Table" vid="87D04581-2521-8341-FBC3-E4441922D646">
<hideElementsInCurrentOnly>false</hideElementsInCurrentOnly>
<bounds x="93" y="272" width="250" height="88"/>
</OView>
<OView class="oracle.dbtools.crest.swingui.relational.TVTable" oid="50382451-61C4-CC71-C8A3-AB4429247567" otype="Table" vid="9E96D511-0567-DBD2-125A-EB9C412FA8AF">
<hideElementsInCurrentOnly>false</hideElementsInCurrentOnly>
<bounds x="905" y="1283" width="326" height="108"/>
</OView>
<OView class="oracle.dbtools.crest.swingui.relational.TVTable" oid="6B78657E-D78E-666F-E459-4ADC8DC07120" otype="Table" vid="197F2445-1CD0-9E71-4D78-29018EA09706">
<hideElementsInCurrentOnly>false</hideElementsInCurrentOnly>
<bounds x="970" y="1456" width="197" height="74"/>
</OView>
<OView class="oracle.dbtools.crest.swingui.relational.TVTable" oid="7701D979-ACB6-F870-5D39-221CCAEE3193" otype="Table" vid="D2134C79-2BEA-9120-4374-105FDA51F2BC">
<hideElementsInCurrentOnly>false</hideElementsInCurrentOnly>
<bounds x="1305" y="266" width="231" height="156"/>
</OView>
<OView class="oracle.dbtools.crest.swingui.relational.TVTable" oid="801D6BA1-F452-FA1A-0458-CDE3F7DE332E" otype="Table" vid="60C21D93-AB1D-3AE5-AA0C-6AAF5C789287">
<hideElementsInCurrentOnly>false</hideElementsInCurrentOnly>
<bounds x="459" y="214" width="224" height="234"/>
</OView>
<OView class="oracle.dbtools.crest.swingui.relational.TVTable" oid="8153EEAB-19C9-8952-221A-47C510D3E8D2" otype="Table" vid="59E062B3-2DE4-7FDF-1FC8-8267098E8C42">
<hideElementsInCurrentOnly>false</hideElementsInCurrentOnly>
<bounds x="943" y="847" width="243" height="108"/>
</OView>
<OView class="oracle.dbtools.crest.swingui.relational.TVTable" oid="92A89C3A-8DBA-77E7-43E5-AF4DED6B548B" otype="Table" vid="D8278F35-BE0F-97B3-6385-A86E85090CFF">
<hideElementsInCurrentOnly>false</hideElementsInCurrentOnly>
<bounds x="940" y="997" width="263" height="220"/>
</OView>
<OView class="oracle.dbtools.crest.swingui.relational.TVTable" oid="9636CF7C-BC14-5EF3-9F38-6B9CE2234198" otype="Table" vid="D59F095F-DDB6-DD53-1DDB-8D8BB23033C7">
<hideElementsInCurrentOnly>false</hideElementsInCurrentOnly>
<bounds x="194" y="685" width="291" height="220"/>
</OView>
<OView class="oracle.dbtools.crest.swingui.TVLegend" oid="A3237B3F-92BA-3416-45B1-721E455F9276" otype="Legend" vid="28DE508A-565F-5C7C-5E73-AD3B1C415A51">
<hideElementsInCurrentOnly>false</hideElementsInCurrentOnly>
<bounds x="10" y="10" width="445" height="135"/>
</OView>
<OView class="oracle.dbtools.crest.swingui.relational.TVTable" oid="BF676369-2DBF-5957-B1AA-84E263FC80B8" otype="Table" vid="0AC48A2B-2553-1822-4B9F-7B580F6BBCD4">
<hideElementsInCurrentOnly>false</hideElementsInCurrentOnly>
<bounds x="954" y="265" width="222" height="164"/>
</OView>
<OView class="oracle.dbtools.crest.swingui.relational.TVTable" oid="DD081406-AAAD-BEF6-962F-2B1BBB92E5A8" otype="Table" vid="0980EF14-41CF-2A3C-F122-88B430B1F3C6">
<hideElementsInCurrentOnly>false</hideElementsInCurrentOnly>
<bounds x="542" y="1033" width="318" height="108"/>
</OView>
<OView class="oracle.dbtools.crest.swingui.relational.TVTable" oid="F929FE78-76A1-B89F-FA61-9E5141F2CC91" otype="Table" vid="6F9B6D90-8C1D-35BB-4490-EFAB095D4005">
<hideElementsInCurrentOnly>false</hideElementsInCurrentOnly>
<bounds x="486" y="507" width="415" height="164"/>
</OView>
</objectViews>
<connectors>
<Connector class="oracle.dbtools.crest.swingui.relational.TVFKRelation" oid="2FF39409-F348-E41A-6036-D0999F68804C" otype="FKIndexAssociation" vid_source="51DBA37A-3866-3FB6-EE72-9E53DACDB11E" vid_target="D59F095F-DDB6-DD53-1DDB-8D8BB23033C7">
<hideElementsInCurrentOnly>false</hideElementsInCurrentOnly>
<backgroundColor>-16777216</backgroundColor>
<lineWidth>1</lineWidth>
<points>
<point x="937" y="738"/>
<point x="485" y="738"/>
</points>
</Connector>
<Connector class="oracle.dbtools.crest.swingui.relational.TVFKRelation" oid="57C5BF8C-D3CB-4F06-7A6E-2BB6E87DAE3E" otype="FKIndexAssociation" vid_source="60C21D93-AB1D-3AE5-AA0C-6AAF5C789287" vid_target="6F9B6D90-8C1D-35BB-4490-EFAB095D4005">
<hideElementsInCurrentOnly>false</hideElementsInCurrentOnly>
<backgroundColor>-16777216</backgroundColor>
<lineWidth>1</lineWidth>
<points>
<point x="584" y="448"/>
<point x="584" y="507"/>
</points>
</Connector>
<Connector class="oracle.dbtools.crest.swingui.relational.TVFKRelation" oid="5B0700CA-B834-D329-D132-BA6154B7DDD5" otype="FKIndexAssociation" vid_source="0AC48A2B-2553-1822-4B9F-7B580F6BBCD4" vid_target="51DBA37A-3866-3FB6-EE72-9E53DACDB11E">
<hideElementsInCurrentOnly>false</hideElementsInCurrentOnly>
<backgroundColor>-16777216</backgroundColor>
<lineWidth>1</lineWidth>
<points>
<point x="1065" y="429"/>
<point x="1065" y="642"/>
</points>
</Connector>
<Connector class="oracle.dbtools.crest.swingui.relational.TVFKRelation" oid="5B9B4A40-BC93-A540-317C-449F0356C485" otype="FKIndexAssociation" vid_source="D8278F35-BE0F-97B3-6385-A86E85090CFF" vid_target="59E062B3-2DE4-7FDF-1FC8-8267098E8C42">
<hideElementsInCurrentOnly>false</hideElementsInCurrentOnly>
<backgroundColor>-16777216</backgroundColor>
<lineWidth>1</lineWidth>
<points>
<point x="1064" y="997"/>
<point x="1064" y="955"/>
</points>
</Connector>
<Connector class="oracle.dbtools.crest.swingui.relational.TVFKRelation" oid="736DC36B-8F2D-2465-90D6-0CFC5763FBB5" otype="FKIndexAssociation" vid_source="D8278F35-BE0F-97B3-6385-A86E85090CFF" vid_target="9E96D511-0567-DBD2-125A-EB9C412FA8AF">
<hideElementsInCurrentOnly>false</hideElementsInCurrentOnly>
<backgroundColor>-16777216</backgroundColor>
<lineWidth>1</lineWidth>
<points>
<point x="1071" y="1217"/>
<point x="1071" y="1283"/>
</points>
</Connector>
<Connector class="oracle.dbtools.crest.swingui.relational.TVFKRelation" oid="73A14D53-C419-26A0-9CF3-92CD403859FF" otype="FKIndexAssociation" vid_source="51DBA37A-3866-3FB6-EE72-9E53DACDB11E" vid_target="6F9B6D90-8C1D-35BB-4490-EFAB095D4005">
<hideElementsInCurrentOnly>false</hideElementsInCurrentOnly>
<backgroundColor>-16777216</backgroundColor>
<lineWidth>1</lineWidth>
<points>
<point x="937" y="656"/>
<point x="901" y="656"/>
</points>
</Connector>
<Connector class="oracle.dbtools.crest.swingui.relational.TVFKRelation" oid="7A3E189F-3306-87F2-1B1F-6656EEA46539" otype="FKIndexAssociation" vid_source="D8278F35-BE0F-97B3-6385-A86E85090CFF" vid_target="0980EF14-41CF-2A3C-F122-88B430B1F3C6">
<hideElementsInCurrentOnly>false</hideElementsInCurrentOnly>
<backgroundColor>-16777216</backgroundColor>
<lineWidth>1</lineWidth>
<points>
<point x="940" y="1087"/>
<point x="860" y="1087"/>
</points>
</Connector>
<Connector class="oracle.dbtools.crest.swingui.relational.TVFKRelation" oid="8CCEAD0C-045C-794D-9E66-EB6A85C58749" otype="FKIndexAssociation" vid_source="60C21D93-AB1D-3AE5-AA0C-6AAF5C789287" vid_target="D59F095F-DDB6-DD53-1DDB-8D8BB23033C7">
<hideElementsInCurrentOnly>false</hideElementsInCurrentOnly>
<backgroundColor>-16777216</backgroundColor>
<lineWidth>1</lineWidth>
<points>
<point x="472" y="448"/>
<point x="472" y="685"/>
</points>
</Connector>
<Connector class="oracle.dbtools.crest.swingui.relational.TVFKRelation" oid="9A812929-4D21-810C-8D1A-E48E84E2724E" otype="FKIndexAssociation" vid_source="A8C67DE3-71F8-D8FE-3DE2-37CC457F24DE" vid_target="D8278F35-BE0F-97B3-6385-A86E85090CFF">
<hideElementsInCurrentOnly>false</hideElementsInCurrentOnly>
<backgroundColor>-16777216</backgroundColor>
<lineWidth>1</lineWidth>
<points>
<point x="1291" y="1084"/>
<point x="1203" y="1084"/>
</points>
</Connector>
<Connector class="oracle.dbtools.crest.swingui.relational.TVFKRelation" oid="9C304427-5E19-F2E6-223D-3538988D49A2" otype="FKIndexAssociation" vid_source="2FEC782C-2DCD-E02D-A137-15C8893A0D1B" vid_target="0AC48A2B-2553-1822-4B9F-7B580F6BBCD4">
<hideElementsInCurrentOnly>false</hideElementsInCurrentOnly>
<backgroundColor>-16777216</backgroundColor>
<lineWidth>1</lineWidth>
<points>
<point x="1065" y="192"/>
<point x="1065" y="265"/>
</points>
</Connector>
<Connector class="oracle.dbtools.crest.swingui.relational.TVFKRelation" oid="BB7996B6-ADD5-3634-E616-F6CB909E4449" otype="FKIndexAssociation" vid_source="59E062B3-2DE4-7FDF-1FC8-8267098E8C42" vid_target="51DBA37A-3866-3FB6-EE72-9E53DACDB11E">
<hideElementsInCurrentOnly>false</hideElementsInCurrentOnly>
<backgroundColor>-16777216</backgroundColor>
<lineWidth>1</lineWidth>
<points>
<point x="1064" y="847"/>
<point x="1064" y="792"/>
</points>
</Connector>
<Connector class="oracle.dbtools.crest.swingui.relational.TVFKRelation" oid="C9A3B39E-CB29-13A0-3E4A-EFFA68F7DC42" otype="FKIndexAssociation" vid_source="0AC48A2B-2553-1822-4B9F-7B580F6BBCD4" vid_target="60C21D93-AB1D-3AE5-AA0C-6AAF5C789287">
<hideElementsInCurrentOnly>false</hideElementsInCurrentOnly>
<backgroundColor>-16777216</backgroundColor>
<lineWidth>1</lineWidth>
<points>
<point x="954" y="347"/>
<point x="683" y="347"/>
</points>
</Connector>
<Connector class="oracle.dbtools.crest.swingui.relational.TVFKRelation" oid="CCD905EF-02F7-7D24-BC76-EF8E4957364A" otype="FKIndexAssociation" vid_source="0AC48A2B-2553-1822-4B9F-7B580F6BBCD4" vid_target="D2134C79-2BEA-9120-4374-105FDA51F2BC">
<hideElementsInCurrentOnly>false</hideElementsInCurrentOnly>
<backgroundColor>-16777216</backgroundColor>
<lineWidth>1</lineWidth>
<points>
<point x="1176" y="344"/>
<point x="1305" y="344"/>
</points>
</Connector>
<Connector class="oracle.dbtools.crest.swingui.relational.TVFKRelation" oid="D19B17FA-05C7-F17F-71BA-A6F0E8E5D808" otype="FKIndexAssociation" vid_source="FFF45B04-C18D-8831-2EE3-18692A5076E2" vid_target="0980EF14-41CF-2A3C-F122-88B430B1F3C6">
<hideElementsInCurrentOnly>false</hideElementsInCurrentOnly>
<backgroundColor>-16777216</backgroundColor>
<lineWidth>1</lineWidth>
<points>
<point x="438" y="1084"/>
<point x="542" y="1084"/>
</points>
</Connector>
<Connector class="oracle.dbtools.crest.swingui.relational.TVFKRelation" oid="D2965FD2-6925-8244-7A32-578072B59F77" otype="FKIndexAssociation" vid_source="87D04581-2521-8341-FBC3-E4441922D646" vid_target="60C21D93-AB1D-3AE5-AA0C-6AAF5C789287">
<hideElementsInCurrentOnly>false</hideElementsInCurrentOnly>
<backgroundColor>-16777216</backgroundColor>
<lineWidth>1</lineWidth>
<points>
<point x="343" y="316"/>
<point x="459" y="316"/>
</points>
</Connector>
<Connector class="oracle.dbtools.crest.swingui.relational.TVFKRelation" oid="D4AA8B0B-BDDB-3EB6-8E40-EE666BFF202A" otype="FKIndexAssociation" vid_source="197F2445-1CD0-9E71-4D78-29018EA09706" vid_target="9E96D511-0567-DBD2-125A-EB9C412FA8AF">
<hideElementsInCurrentOnly>false</hideElementsInCurrentOnly>
<backgroundColor>-16777216</backgroundColor>
<lineWidth>1</lineWidth>
<points>
<point x="1068" y="1456"/>
<point x="1068" y="1391"/>
</points>
</Connector>
<Connector class="oracle.dbtools.crest.swingui.relational.TVFKRelation" oid="EA4B3994-046E-79F4-8D7A-E0088BDA1AC8" otype="FKIndexAssociation" vid_source="D2134C79-2BEA-9120-4374-105FDA51F2BC" vid_target="0AC48A2B-2553-1822-4B9F-7B580F6BBCD4">
<hideElementsInCurrentOnly>false</hideElementsInCurrentOnly>
<backgroundColor>-16777216</backgroundColor>
<lineWidth>1</lineWidth>
<points>
<point x="1305" y="359"/>
<point x="1176" y="359"/>
</points>
</Connector>
</connectors>
</Diagram>
