<?xml version = '1.0' encoding = 'UTF-8'?>
<Entity class="oracle.dbtools.crest.model.design.logical.Entity" directorySegmentName="seg_0" id="0B6661FA-6355-2D70-B8CE-4AABA2DB6973" name="LOAN">
<createdBy>LowPC</createdBy>
<createdTime>2024-09-12 08:43:30 UTC</createdTime>
<ownerDesignName>rcl_logical</ownerDesignName>
<engineerTo>
<item key="AE0C3E2F-75CD-DE7D-B2B4-1E236B0B3380" value="true"/>
</engineerTo>
<adequatelyNormalized>NO</adequatelyNormalized>
<expectedVolumes>0</expectedVolumes>
<fwdEngineeringStrategyName>Single Table</fwdEngineeringStrategyName>
<growthPercent>0</growthPercent>
<growthType>Year</growthType>
<maxVolumes>9999999</maxVolumes>
<minVolumes>0</minVolumes>
<normalForm>Third</normalForm>
<attributes itemClass="oracle.dbtools.crest.model.design.logical.Attribute">
<Attribute name="loan_no" id="E82A0F9B-3919-5A7A-F986-57127C62AD24">
<createdBy>jason</createdBy>
<createdTime>2024-09-12 10:22:57 UTC</createdTime>
<commentInRDBMS><![CDATA[Loan Number (Surrogate Key)]]></commentInRDBMS>
<ownerDesignName>rcl_logical</ownerDesignName>
<engineerTo>
<item key="AE0C3E2F-75CD-DE7D-B2B4-1E236B0B3380" value="true"/>
</engineerTo>
<useDomainConstraints>false</useDomainConstraints>
<use>1</use>
<logicalDatatype>LOGDT019</logicalDatatype>
<dataTypePrecision>5</dataTypePrecision>
<ownDataTypeParameters>,5,</ownDataTypeParameters>
</Attribute>
<Attribute name="branch_code" id="0D757019-5867-91C6-CFD0-8EE9F569AB65">
<createdBy>LowPC</createdBy>
<createdTime>2024-09-12 10:13:20 UTC</createdTime>
<commentInRDBMS><![CDATA[Branch Code]]></commentInRDBMS>
<generatorID>1DE18517-1EF2-AE55-59A1-45F01105B21F</generatorID>
<ownerDesignName>rcl_logical</ownerDesignName>
<engineerTo>
<item key="AE0C3E2F-75CD-DE7D-B2B4-1E236B0B3380" value="true"/>
</engineerTo>
<referedAttribute>0C701E9A-D0D5-A640-D5E3-B866B5C9EC03</referedAttribute>
<useDomainConstraints>false</useDomainConstraints>
<use>1</use>
<logicalDatatype>LOGDT019</logicalDatatype>
<dataTypePrecision>3</dataTypePrecision>
<ownDataTypeParameters>,,</ownDataTypeParameters>
</Attribute>
<Attribute name="book_copy_id" id="C419A791-EF99-28F4-54B2-572475EC3655">
<createdBy>LowPC</createdBy>
<createdTime>2024-09-12 10:11:00 UTC</createdTime>
<commentInRDBMS><![CDATA[Book Copy ID]]></commentInRDBMS>
<generatorID>1DE18517-1EF2-AE55-59A1-45F01105B21F</generatorID>
<ownerDesignName>rcl_logical</ownerDesignName>
<engineerTo>
<item key="AE0C3E2F-75CD-DE7D-B2B4-1E236B0B3380" value="true"/>
</engineerTo>
<referedAttribute>7C13F294-5255-67FF-EDB0-E2F695727EBB</referedAttribute>
<useDomainConstraints>false</useDomainConstraints>
<use>1</use>
<logicalDatatype>LOGDT019</logicalDatatype>
<dataTypePrecision>4</dataTypePrecision>
<ownDataTypeParameters>,,</ownDataTypeParameters>
</Attribute>
<Attribute name="loan_datetime" id="251853BA-A5FD-AF00-7337-F95B37A1CF43">
<createdBy>LowPC</createdBy>
<createdTime>2024-09-12 08:43:34 UTC</createdTime>
<commentInRDBMS><![CDATA[Loan Datetime]]></commentInRDBMS>
<ownerDesignName>rcl_logical</ownerDesignName>
<engineerTo>
<item key="AE0C3E2F-75CD-DE7D-B2B4-1E236B0B3380" value="true"/>
</engineerTo>
<useDomainConstraints>false</useDomainConstraints>
<use>1</use>
<logicalDatatype>LOGDT007</logicalDatatype>
<ownDataTypeParameters>,,</ownDataTypeParameters>
</Attribute>
<Attribute name="loan_due_date" id="A3A174BF-8E77-2ECB-760B-4BC9E76455B8">
<createdBy>LowPC</createdBy>
<createdTime>2024-09-12 08:43:34 UTC</createdTime>
<commentInRDBMS><![CDATA[Loan Duedate]]></commentInRDBMS>
<ownerDesignName>rcl_logical</ownerDesignName>
<engineerTo>
<item key="AE0C3E2F-75CD-DE7D-B2B4-1E236B0B3380" value="true"/>
</engineerTo>
<useDomainConstraints>false</useDomainConstraints>
<use>1</use>
<logicalDatatype>LOGDT007</logicalDatatype>
<ownDataTypeParameters>,,</ownDataTypeParameters>
</Attribute>
<Attribute name="loan_return_datetime" id="F9E53D2E-9054-881C-F8E2-5D1C1D87D58D">
<createdBy>LowPC</createdBy>
<createdTime>2024-09-12 08:43:35 UTC</createdTime>
<commentInRDBMS><![CDATA[Loan Return Datetime]]></commentInRDBMS>
<ownerDesignName>rcl_logical</ownerDesignName>
<engineerTo>
<item key="AE0C3E2F-75CD-DE7D-B2B4-1E236B0B3380" value="true"/>
</engineerTo>
<useDomainConstraints>false</useDomainConstraints>
<use>1</use>
<logicalDatatype>LOGDT007</logicalDatatype>
<ownDataTypeParameters>,,</ownDataTypeParameters>
</Attribute>
<Attribute name="loan_fine_amount" id="12EC7ABD-5DF0-F723-9AD5-6535D8F2863F">
<createdBy>LowPC</createdBy>
<createdTime>2024-09-13 06:33:29 UTC</createdTime>
<commentInRDBMS><![CDATA[Loan Fine Amount $]]></commentInRDBMS>
<ownerDesignName>rcl_logical</ownerDesignName>
<engineerTo>
<item key="AE0C3E2F-75CD-DE7D-B2B4-1E236B0B3380" value="true"/>
</engineerTo>
<nullsAllowed>true</nullsAllowed>
<useDomainConstraints>false</useDomainConstraints>
<use>1</use>
<logicalDatatype>LOGDT019</logicalDatatype>
<dataTypePrecision>4</dataTypePrecision>
<dataTypeScale>2</dataTypeScale>
<ownDataTypeParameters>,4,2</ownDataTypeParameters>
</Attribute>
<Attribute name="loan_fine_date_paid" id="1083E696-4452-6621-2E6D-340F75DE3154">
<createdBy>LowPC</createdBy>
<createdTime>2024-09-13 06:33:29 UTC</createdTime>
<commentInRDBMS><![CDATA[Loan Date Paid]]></commentInRDBMS>
<ownerDesignName>rcl_logical</ownerDesignName>
<engineerTo>
<item key="AE0C3E2F-75CD-DE7D-B2B4-1E236B0B3380" value="true"/>
</engineerTo>
<nullsAllowed>true</nullsAllowed>
<useDomainConstraints>false</useDomainConstraints>
<use>1</use>
<logicalDatatype>LOGDT007</logicalDatatype>
<ownDataTypeParameters>,,</ownDataTypeParameters>
</Attribute>
<Attribute name="borrower_no" id="D697FE40-4F4B-859C-58CE-64041AFBBF5E">
<createdBy>LowPC</createdBy>
<createdTime>2024-09-12 10:11:38 UTC</createdTime>
<commentInRDBMS><![CDATA[Borrower Number]]></commentInRDBMS>
<generatorID>F12F7A21-360D-97E1-342F-A00BAF6F879F</generatorID>
<ownerDesignName>rcl_logical</ownerDesignName>
<engineerTo>
<item key="AE0C3E2F-75CD-DE7D-B2B4-1E236B0B3380" value="true"/>
</engineerTo>
<referedAttribute>F5844489-E161-2576-66E1-24BFEF428CFE</referedAttribute>
<useDomainConstraints>false</useDomainConstraints>
<use>1</use>
<logicalDatatype>LOGDT019</logicalDatatype>
<dataTypePrecision>4</dataTypePrecision>
<ownDataTypeParameters>,,</ownDataTypeParameters>
</Attribute>
</attributes>
<identifiers itemClass="oracle.dbtools.crest.model.design.logical.CandidateKey">
<identifier id="2CFE21FD-8958-13CD-8899-17B30BDE5D5A" name="LOAN PK">
<createdBy>jason</createdBy>
<createdTime>2024-09-12 09:24:30 UTC</createdTime>
<ownerDesignName>rcl_logical</ownerDesignName>
<engineerTo>
<item key="AE0C3E2F-75CD-DE7D-B2B4-1E236B0B3380" value="true"/>
</engineerTo>
<pk>true</pk>
<usedAttributes>
<attributeRef>E82A0F9B-3919-5A7A-F986-57127C62AD24</attributeRef>
</usedAttributes>
</identifier>
<identifier id="82DE2BD5-C383-52BD-E3CA-704472AAD4C1" name="loan_nk">
<createdBy>jason</createdBy>
<createdTime>2024-09-12 10:19:59 UTC</createdTime>
<ownerDesignName>rcl_logical</ownerDesignName>
<engineerTo>
<item key="AE0C3E2F-75CD-DE7D-B2B4-1E236B0B3380" value="true"/>
</engineerTo>
<newElementsIDs>251853BA-A5FD-AF00-7337-F95B37A1CF43,C419A791-EF99-28F4-54B2-572475EC3655,0D757019-5867-91C6-CFD0-8EE9F569AB65</newElementsIDs>
<usedAttributes>
<attributeRef>251853BA-A5FD-AF00-7337-F95B37A1CF43</attributeRef>
<attributeRef>C419A791-EF99-28F4-54B2-572475EC3655</attributeRef>
<attributeRef>0D757019-5867-91C6-CFD0-8EE9F569AB65</attributeRef>
</usedAttributes>
</identifier>
</identifiers>
</Entity>
