<?xml version = '1.0' encoding = 'UTF-8'?>
<Entity class="oracle.dbtools.crest.model.design.logical.Entity" directorySegmentName="seg_0" id="4ECF5392-C585-71C2-E203-97E6298DC211" name="LGA">
<createdBy>LowPC</createdBy>
<createdTime>2024-09-12 08:40:53 UTC</createdTime>
<ownerDesignName>rcl_logical</ownerDesignName>
<engineerTo>
<item key="AE0C3E2F-75CD-DE7D-B2B4-1E236B0B3380" value="true"/>
</engineerTo>
<adequatelyNormalized>NO</adequatelyNormalized>
<expectedVolumes>0</expectedVolumes>
<fwdEngineeringStrategyName>Single Table</fwdEngineeringStrategyName>
<growthPercent>0</growthPercent>
<growthType>Year</growthType>
<maxVolumes>9999999</maxVolumes>
<minVolumes>0</minVolumes>
<normalForm>Third</normalForm>
<attributes itemClass="oracle.dbtools.crest.model.design.logical.Attribute">
<Attribute name="LGA_id" id="B54B010A-7124-1758-E9A3-A71F69939FE6">
<createdBy>LowPC</createdBy>
<createdTime>2024-09-12 08:40:58 UTC</createdTime>
<commentInRDBMS><![CDATA[LGA ID]]></commentInRDBMS>
<ownerDesignName>rcl_logical</ownerDesignName>
<engineerTo>
<item key="AE0C3E2F-75CD-DE7D-B2B4-1E236B0B3380" value="true"/>
</engineerTo>
<useDomainConstraints>false</useDomainConstraints>
<use>1</use>
<logicalDatatype>LOGDT019</logicalDatatype>
<dataTypePrecision>3</dataTypePrecision>
<ownDataTypeParameters>,3,</ownDataTypeParameters>
</Attribute>
<Attribute name="LGA_name" id="1254FB16-A8D1-DD3D-6CB0-4DF3559D63D3">
<createdBy>LowPC</createdBy>
<createdTime>2024-09-12 08:40:58 UTC</createdTime>
<commentInRDBMS><![CDATA[LGA Name]]></commentInRDBMS>
<ownerDesignName>rcl_logical</ownerDesignName>
<engineerTo>
<item key="AE0C3E2F-75CD-DE7D-B2B4-1E236B0B3380" value="true"/>
</engineerTo>
<useDomainConstraints>false</useDomainConstraints>
<use>1</use>
<logicalDatatype>LOGDT024</logicalDatatype>
<dataTypeSize>30</dataTypeSize>
<ownDataTypeParameters>30,,</ownDataTypeParameters>
</Attribute>
<Attribute name="LGA_size" id="02AE2AE9-EAF8-FA44-A324-EF41BF821262">
<createdBy>LowPC</createdBy>
<createdTime>2024-09-12 08:41:11 UTC</createdTime>
<commentInRDBMS><![CDATA[LGA Size (in Hectares)]]></commentInRDBMS>
<ownerDesignName>rcl_logical</ownerDesignName>
<engineerTo>
<item key="AE0C3E2F-75CD-DE7D-B2B4-1E236B0B3380" value="true"/>
</engineerTo>
<useDomainConstraints>false</useDomainConstraints>
<use>1</use>
<logicalDatatype>LOGDT019</logicalDatatype>
<dataTypePrecision>4</dataTypePrecision>
<dataTypeScale>2</dataTypeScale>
<ownDataTypeParameters>,4,2</ownDataTypeParameters>
</Attribute>
<Attribute name="LGA_contact_name" id="E3A9DE90-3645-CFD6-7CBE-968FF64E9A5E">
<createdBy>LowPC</createdBy>
<createdTime>2024-09-12 08:41:11 UTC</createdTime>
<commentInRDBMS><![CDATA[LGA Contact Name]]></commentInRDBMS>
<ownerDesignName>rcl_logical</ownerDesignName>
<engineerTo>
<item key="AE0C3E2F-75CD-DE7D-B2B4-1E236B0B3380" value="true"/>
</engineerTo>
<useDomainConstraints>false</useDomainConstraints>
<use>1</use>
<logicalDatatype>LOGDT024</logicalDatatype>
<dataTypeSize>40</dataTypeSize>
<ownDataTypeParameters>40,,</ownDataTypeParameters>
</Attribute>
<Attribute name="LGA_contact_phone_no" id="084E3A43-A9C5-9BE1-D699-67DC6C77702E">
<createdBy>LowPC</createdBy>
<createdTime>2024-09-12 08:41:23 UTC</createdTime>
<commentInRDBMS><![CDATA[LGA Contact Phone Number]]></commentInRDBMS>
<ownerDesignName>rcl_logical</ownerDesignName>
<engineerTo>
<item key="AE0C3E2F-75CD-DE7D-B2B4-1E236B0B3380" value="true"/>
</engineerTo>
<useDomainConstraints>false</useDomainConstraints>
<use>1</use>
<logicalDatatype>LOGDT025</logicalDatatype>
<dataTypeSize>10</dataTypeSize>
<ownDataTypeParameters>10,,</ownDataTypeParameters>
</Attribute>
</attributes>
<identifiers itemClass="oracle.dbtools.crest.model.design.logical.CandidateKey">
<identifier id="E9AD3D4E-625F-68B0-BCEA-BAFB875C69AE" name="LGA PK">
<createdBy>jason</createdBy>
<createdTime>2024-09-12 09:23:59 UTC</createdTime>
<ownerDesignName>rcl_logical</ownerDesignName>
<engineerTo>
<item key="AE0C3E2F-75CD-DE7D-B2B4-1E236B0B3380" value="true"/>
</engineerTo>
<pk>true</pk>
<usedAttributes>
<attributeRef>B54B010A-7124-1758-E9A3-A71F69939FE6</attributeRef>
</usedAttributes>
</identifier>
</identifiers>
</Entity>
