<?xml version = '1.0' encoding = 'UTF-8'?>
<Entity class="oracle.dbtools.crest.model.design.logical.Entity" directorySegmentName="seg_0" id="516F21EE-FB46-846E-1120-7351A41D7FD9" name="RESERVATION">
<createdBy>LowPC</createdBy>
<createdTime>2024-09-12 10:27:14 UTC</createdTime>
<ownerDesignName>rcl_logical</ownerDesignName>
<engineerTo>
<item key="AE0C3E2F-75CD-DE7D-B2B4-1E236B0B3380" value="true"/>
</engineerTo>
<adequatelyNormalized>NO</adequatelyNormalized>
<expectedVolumes>0</expectedVolumes>
<fwdEngineeringStrategyName>Single Table</fwdEngineeringStrategyName>
<growthPercent>0</growthPercent>
<growthType>Year</growthType>
<maxVolumes>9999999</maxVolumes>
<minVolumes>0</minVolumes>
<normalForm>Third</normalForm>
<attributes itemClass="oracle.dbtools.crest.model.design.logical.Attribute">
<Attribute name="reservation_no" id="75D67AC7-BBCE-4D75-2F4D-D7F7668B9686">
<createdBy>jason</createdBy>
<createdTime>2024-09-17 00:22:58 UTC</createdTime>
<commentInRDBMS><![CDATA[Reservation Number (Surrogate Key)]]></commentInRDBMS>
<ownerDesignName>rcl_logical</ownerDesignName>
<engineerTo>
<item key="AE0C3E2F-75CD-DE7D-B2B4-1E236B0B3380" value="true"/>
</engineerTo>
<useDomainConstraints>false</useDomainConstraints>
<use>1</use>
<logicalDatatype>LOGDT019</logicalDatatype>
<dataTypePrecision>4</dataTypePrecision>
<ownDataTypeParameters>,4,</ownDataTypeParameters>
</Attribute>
<Attribute name="reservation_datetime" id="62A54639-4932-E057-0191-3196E705615F">
<createdBy>LowPC</createdBy>
<createdTime>2024-09-12 10:27:22 UTC</createdTime>
<commentInRDBMS><![CDATA[Reservation date and time]]></commentInRDBMS>
<ownerDesignName>rcl_logical</ownerDesignName>
<engineerTo>
<item key="AE0C3E2F-75CD-DE7D-B2B4-1E236B0B3380" value="true"/>
</engineerTo>
<useDomainConstraints>false</useDomainConstraints>
<use>1</use>
<logicalDatatype>LOGDT007</logicalDatatype>
<ownDataTypeParameters>,,</ownDataTypeParameters>
</Attribute>
<Attribute name="borrower_no" id="B9A69290-2722-9A3F-C26A-6BBC1657AFE7">
<createdBy>LowPC</createdBy>
<createdTime>2024-09-13 06:22:24 UTC</createdTime>
<commentInRDBMS><![CDATA[Borrower Number]]></commentInRDBMS>
<generatorID>569E0C9A-4F1C-9BE3-8B66-00F12EBBB0B2</generatorID>
<ownerDesignName>rcl_logical</ownerDesignName>
<engineerTo>
<item key="AE0C3E2F-75CD-DE7D-B2B4-1E236B0B3380" value="true"/>
</engineerTo>
<referedAttribute>F5844489-E161-2576-66E1-24BFEF428CFE</referedAttribute>
<useDomainConstraints>false</useDomainConstraints>
<use>1</use>
<logicalDatatype>LOGDT019</logicalDatatype>
<dataTypePrecision>4</dataTypePrecision>
<ownDataTypeParameters>,,</ownDataTypeParameters>
</Attribute>
<Attribute name="book_copy_id" id="CDDF025B-8894-C06A-EDFE-1B470846ABCC">
<createdBy>jason</createdBy>
<createdTime>2024-09-16 23:53:37 UTC</createdTime>
<commentInRDBMS><![CDATA[Book Copy ID]]></commentInRDBMS>
<generatorID>33CACA38-B726-C08D-CB6A-104F0B55A054</generatorID>
<ownerDesignName>rcl_logical</ownerDesignName>
<engineerTo>
<item key="AE0C3E2F-75CD-DE7D-B2B4-1E236B0B3380" value="true"/>
</engineerTo>
<referedAttribute>7C13F294-5255-67FF-EDB0-E2F695727EBB</referedAttribute>
<useDomainConstraints>false</useDomainConstraints>
<use>1</use>
<logicalDatatype>LOGDT019</logicalDatatype>
<dataTypePrecision>4</dataTypePrecision>
<ownDataTypeParameters>,,</ownDataTypeParameters>
</Attribute>
<Attribute name="branch_code" id="3E451190-8861-AB82-F0E0-903E7F03FF16">
<createdBy>jason</createdBy>
<createdTime>2024-09-16 23:53:37 UTC</createdTime>
<commentInRDBMS><![CDATA[Branch Code]]></commentInRDBMS>
<generatorID>33CACA38-B726-C08D-CB6A-104F0B55A054</generatorID>
<ownerDesignName>rcl_logical</ownerDesignName>
<engineerTo>
<item key="AE0C3E2F-75CD-DE7D-B2B4-1E236B0B3380" value="true"/>
</engineerTo>
<referedAttribute>0C701E9A-D0D5-A640-D5E3-B866B5C9EC03</referedAttribute>
<useDomainConstraints>false</useDomainConstraints>
<use>1</use>
<logicalDatatype>LOGDT019</logicalDatatype>
<dataTypePrecision>3</dataTypePrecision>
<ownDataTypeParameters>,,</ownDataTypeParameters>
</Attribute>
</attributes>
<identifiers itemClass="oracle.dbtools.crest.model.design.logical.CandidateKey">
<identifier id="AEDBD826-67A3-CDEC-1406-150C09EA0A57" name="RESERVATION PK">
<createdBy>jason</createdBy>
<createdTime>2024-09-12 10:38:26 UTC</createdTime>
<ownerDesignName>rcl_logical</ownerDesignName>
<engineerTo>
<item key="AE0C3E2F-75CD-DE7D-B2B4-1E236B0B3380" value="true"/>
</engineerTo>
<pk>true</pk>
<usedAttributes>
<attributeRef>75D67AC7-BBCE-4D75-2F4D-D7F7668B9686</attributeRef>
</usedAttributes>
</identifier>
<identifier id="2015A514-A381-1824-4BF8-0B652065B3E5" name="reservation_nk">
<createdBy>jason</createdBy>
<createdTime>2024-09-17 00:22:28 UTC</createdTime>
<ownerDesignName>rcl_logical</ownerDesignName>
<engineerTo>
<item key="AE0C3E2F-75CD-DE7D-B2B4-1E236B0B3380" value="true"/>
</engineerTo>
<newElementsIDs>62A54639-4932-E057-0191-3196E705615F,B9A69290-2722-9A3F-C26A-6BBC1657AFE7,CDDF025B-8894-C06A-EDFE-1B470846ABCC,3E451190-8861-AB82-F0E0-903E7F03FF16</newElementsIDs>
<usedAttributes>
<attributeRef>62A54639-4932-E057-0191-3196E705615F</attributeRef>
<attributeRef>B9A69290-2722-9A3F-C26A-6BBC1657AFE7</attributeRef>
<attributeRef>CDDF025B-8894-C06A-EDFE-1B470846ABCC</attributeRef>
<attributeRef>3E451190-8861-AB82-F0E0-903E7F03FF16</attributeRef>
</usedAttributes>
</identifier>
</identifiers>
</Entity>
