<?xml version = '1.0' encoding = 'UTF-8'?>
<Entity class="oracle.dbtools.crest.model.design.logical.Entity" directorySegmentName="seg_0" id="56FF4003-0DBB-7936-C16D-A36CD199FF8B" name="SUBJECT">
<createdBy>LowPC</createdBy>
<createdTime>2024-09-12 10:31:45 UTC</createdTime>
<ownerDesignName>rcl_logical</ownerDesignName>
<engineerTo>
<item key="AE0C3E2F-75CD-DE7D-B2B4-1E236B0B3380" value="true"/>
</engineerTo>
<adequatelyNormalized>NO</adequatelyNormalized>
<expectedVolumes>0</expectedVolumes>
<fwdEngineeringStrategyName>Single Table</fwdEngineeringStrategyName>
<growthPercent>0</growthPercent>
<growthType>Year</growthType>
<maxVolumes>9999999</maxVolumes>
<minVolumes>0</minVolumes>
<normalForm>Third</normalForm>
<attributes itemClass="oracle.dbtools.crest.model.design.logical.Attribute">
<Attribute name="subject_id" id="9A4F17C5-9CB3-D8FB-6867-4CE5C56D6D92">
<createdBy>LowPC</createdBy>
<createdTime>2024-09-12 10:31:52 UTC</createdTime>
<commentInRDBMS><![CDATA[Subejct ID]]></commentInRDBMS>
<ownerDesignName>rcl_logical</ownerDesignName>
<engineerTo>
<item key="AE0C3E2F-75CD-DE7D-B2B4-1E236B0B3380" value="true"/>
</engineerTo>
<useDomainConstraints>false</useDomainConstraints>
<use>1</use>
<logicalDatatype>LOGDT019</logicalDatatype>
<dataTypePrecision>4</dataTypePrecision>
<ownDataTypeParameters>,4,</ownDataTypeParameters>
</Attribute>
<Attribute name="subject_desc" id="73B4E98F-9A52-84BB-1222-B892E9890E92">
<createdBy>LowPC</createdBy>
<createdTime>2024-09-12 10:31:58 UTC</createdTime>
<commentInRDBMS><![CDATA[Subject Description]]></commentInRDBMS>
<ownerDesignName>rcl_logical</ownerDesignName>
<engineerTo>
<item key="AE0C3E2F-75CD-DE7D-B2B4-1E236B0B3380" value="true"/>
</engineerTo>
<useDomainConstraints>false</useDomainConstraints>
<use>1</use>
<logicalDatatype>LOGDT024</logicalDatatype>
<dataTypeSize>50</dataTypeSize>
<ownDataTypeParameters>50,,</ownDataTypeParameters>
</Attribute>
</attributes>
<identifiers itemClass="oracle.dbtools.crest.model.design.logical.CandidateKey">
<identifier id="CB274557-CC73-C8D0-2532-3A38F1B82C7F" name="SUBJECT PK">
<createdBy>jason</createdBy>
<createdTime>2024-09-12 10:41:19 UTC</createdTime>
<ownerDesignName>rcl_logical</ownerDesignName>
<engineerTo>
<item key="AE0C3E2F-75CD-DE7D-B2B4-1E236B0B3380" value="true"/>
</engineerTo>
<pk>true</pk>
<usedAttributes>
<attributeRef>9A4F17C5-9CB3-D8FB-6867-4CE5C56D6D92</attributeRef>
</usedAttributes>
</identifier>
</identifiers>
</Entity>
