<?xml version = '1.0' encoding = 'UTF-8'?>
<Entity class="oracle.dbtools.crest.model.design.logical.Entity" directorySegmentName="seg_0" id="76CEADDF-DF50-3CE4-3CC6-757A7B51546D" name="BOOK_COPY">
<createdBy>LowPC</createdBy>
<createdTime>2024-09-12 08:44:11 UTC</createdTime>
<ownerDesignName>rcl_logical</ownerDesignName>
<engineerTo>
<item key="AE0C3E2F-75CD-DE7D-B2B4-1E236B0B3380" value="true"/>
</engineerTo>
<adequatelyNormalized>NO</adequatelyNormalized>
<expectedVolumes>0</expectedVolumes>
<fwdEngineeringStrategyName>Single Table</fwdEngineeringStrategyName>
<growthPercent>0</growthPercent>
<growthType>Year</growthType>
<maxVolumes>9999999</maxVolumes>
<minVolumes>0</minVolumes>
<normalForm>Third</normalForm>
<attributes itemClass="oracle.dbtools.crest.model.design.logical.Attribute">
<Attribute name="branch_code" id="0C701E9A-D0D5-A640-D5E3-B866B5C9EC03">
<createdBy>LowPC</createdBy>
<createdTime>2024-09-12 10:10:17 UTC</createdTime>
<commentInRDBMS><![CDATA[Branch Code]]></commentInRDBMS>
<generatorID>0D5C55D8-0EB6-7D57-03F2-F1CAF2922C5C</generatorID>
<ownerDesignName>rcl_logical</ownerDesignName>
<engineerTo>
<item key="AE0C3E2F-75CD-DE7D-B2B4-1E236B0B3380" value="true"/>
</engineerTo>
<referedAttribute>C72F6843-DAE9-4B23-2B73-65219BDA1FE1</referedAttribute>
<useDomainConstraints>false</useDomainConstraints>
<use>1</use>
<logicalDatatype>LOGDT019</logicalDatatype>
<dataTypePrecision>3</dataTypePrecision>
<ownDataTypeParameters>,,</ownDataTypeParameters>
</Attribute>
<Attribute name="book_copy_id" id="7C13F294-5255-67FF-EDB0-E2F695727EBB">
<createdBy>LowPC</createdBy>
<createdTime>2024-09-12 08:44:21 UTC</createdTime>
<commentInRDBMS><![CDATA[Book Copy ID]]></commentInRDBMS>
<ownerDesignName>rcl_logical</ownerDesignName>
<engineerTo>
<item key="AE0C3E2F-75CD-DE7D-B2B4-1E236B0B3380" value="true"/>
</engineerTo>
<useDomainConstraints>false</useDomainConstraints>
<use>1</use>
<logicalDatatype>LOGDT019</logicalDatatype>
<dataTypePrecision>4</dataTypePrecision>
<ownDataTypeParameters>,4,</ownDataTypeParameters>
</Attribute>
<Attribute name="book_copy_status" id="E6A96005-98ED-A09E-1983-3AB0D9AFAA0D">
<createdBy>LowPC</createdBy>
<createdTime>2024-09-12 08:44:21 UTC</createdTime>
<commentInRDBMS><![CDATA[Book Copy Status (OCR = On Counter Reserve, OLN = On Loan, AFB = Available for Borrowing, STL = Stolen, LOS = Lost, DMG = Damaged)]]></commentInRDBMS>
<ownerDesignName>rcl_logical</ownerDesignName>
<engineerTo>
<item key="AE0C3E2F-75CD-DE7D-B2B4-1E236B0B3380" value="true"/>
</engineerTo>
<constraintName>chk_book_copy_status</constraintName>
<useDomainConstraints>false</useDomainConstraints>
<use>1</use>
<logicalDatatype>LOGDT025</logicalDatatype>
<dataTypeSize>3</dataTypeSize>
<listOfValues>
<valueDef value="AFB" description="Available for Borrowing"/>
<valueDef value="DMG" description="Damaged"/>
<valueDef value="LOS" description="Lost"/>
<valueDef value="OCR" description="On Counter Reserve"/>
<valueDef value="OLN" description="On Loan"/>
<valueDef value="STL" description="Stolen"/>
</listOfValues>
<ownDataTypeParameters>3,,</ownDataTypeParameters>
</Attribute>
<Attribute name="book_copy_purchase_price" id="C056D2C1-D337-75CF-82A3-6B18E902A9C7">
<createdBy>LowPC</createdBy>
<createdTime>2024-09-12 08:44:22 UTC</createdTime>
<commentInRDBMS><![CDATA[Book Copy Purchase Price]]></commentInRDBMS>
<ownerDesignName>rcl_logical</ownerDesignName>
<engineerTo>
<item key="AE0C3E2F-75CD-DE7D-B2B4-1E236B0B3380" value="true"/>
</engineerTo>
<useDomainConstraints>false</useDomainConstraints>
<use>1</use>
<logicalDatatype>LOGDT019</logicalDatatype>
<dataTypePrecision>5</dataTypePrecision>
<dataTypeScale>2</dataTypeScale>
<ownDataTypeParameters>,5,2</ownDataTypeParameters>
</Attribute>
<Attribute name="identifier_ISBN" id="9C7FB6C7-3464-6D5D-F3C6-97ABD292A941">
<createdBy>jason</createdBy>
<createdTime>2024-09-17 00:53:28 UTC</createdTime>
<commentInRDBMS><![CDATA[Identifier ISBN]]></commentInRDBMS>
<generatorID>58F5A591-11A6-43CF-8B2D-831BFC8B8297</generatorID>
<ownerDesignName>rcl_logical</ownerDesignName>
<engineerTo>
<item key="AE0C3E2F-75CD-DE7D-B2B4-1E236B0B3380" value="true"/>
</engineerTo>
<referedAttribute>67F7BFC9-2C56-832E-951B-2A378467BD53</referedAttribute>
<useDomainConstraints>false</useDomainConstraints>
<use>1</use>
<logicalDatatype>LOGDT019</logicalDatatype>
<dataTypePrecision>13</dataTypePrecision>
<ownDataTypeParameters>,,</ownDataTypeParameters>
</Attribute>
</attributes>
<identifiers itemClass="oracle.dbtools.crest.model.design.logical.CandidateKey">
<identifier id="9DE41447-EE2C-F68C-E7D0-D9075E365E28" name="BOOK_COPY PK">
<createdBy>jason</createdBy>
<createdTime>2024-09-12 09:24:23 UTC</createdTime>
<ownerDesignName>rcl_logical</ownerDesignName>
<engineerTo>
<item key="AE0C3E2F-75CD-DE7D-B2B4-1E236B0B3380" value="true"/>
</engineerTo>
<pk>true</pk>
<usedAttributes>
<attributeRef>7C13F294-5255-67FF-EDB0-E2F695727EBB</attributeRef>
<attributeRef>0C701E9A-D0D5-A640-D5E3-B866B5C9EC03</attributeRef>
</usedAttributes>
</identifier>
</identifiers>
</Entity>
