<?xml version = '1.0' encoding = 'UTF-8'?>
<Entity class="oracle.dbtools.crest.model.design.logical.Entity" directorySegmentName="seg_0" id="A7457C38-3418-BF36-D450-8C7456733FD9" name="BORROWER">
<createdBy>LowPC</createdBy>
<createdTime>2024-09-12 08:41:38 UTC</createdTime>
<ownerDesignName>rcl_logical</ownerDesignName>
<engineerTo>
<item key="AE0C3E2F-75CD-DE7D-B2B4-1E236B0B3380" value="true"/>
</engineerTo>
<adequatelyNormalized>NO</adequatelyNormalized>
<expectedVolumes>0</expectedVolumes>
<fwdEngineeringStrategyName>Single Table</fwdEngineeringStrategyName>
<growthPercent>0</growthPercent>
<growthType>Year</growthType>
<maxVolumes>9999999</maxVolumes>
<minVolumes>0</minVolumes>
<normalForm>Third</normalForm>
<attributes itemClass="oracle.dbtools.crest.model.design.logical.Attribute">
<Attribute name="borrower_no" id="F5844489-E161-2576-66E1-24BFEF428CFE">
<createdBy>LowPC</createdBy>
<createdTime>2024-09-12 08:41:45 UTC</createdTime>
<commentInRDBMS><![CDATA[Borrower Number]]></commentInRDBMS>
<ownerDesignName>rcl_logical</ownerDesignName>
<engineerTo>
<item key="AE0C3E2F-75CD-DE7D-B2B4-1E236B0B3380" value="true"/>
</engineerTo>
<useDomainConstraints>false</useDomainConstraints>
<use>1</use>
<logicalDatatype>LOGDT019</logicalDatatype>
<dataTypePrecision>4</dataTypePrecision>
<ownDataTypeParameters>,4,</ownDataTypeParameters>
</Attribute>
<Attribute name="borrower_fname" id="18D24B5C-1014-F575-16F2-71207C936B43">
<createdBy>LowPC</createdBy>
<createdTime>2024-09-12 08:41:46 UTC</createdTime>
<commentInRDBMS><![CDATA[Borrower First Name]]></commentInRDBMS>
<ownerDesignName>rcl_logical</ownerDesignName>
<engineerTo>
<item key="AE0C3E2F-75CD-DE7D-B2B4-1E236B0B3380" value="true"/>
</engineerTo>
<useDomainConstraints>false</useDomainConstraints>
<use>1</use>
<logicalDatatype>LOGDT024</logicalDatatype>
<dataTypeSize>20</dataTypeSize>
<ownDataTypeParameters>20,,</ownDataTypeParameters>
</Attribute>
<Attribute name="borrower_lname" id="766D7709-183A-656F-C447-4716BE8B7EFF">
<createdBy>LowPC</createdBy>
<createdTime>2024-09-12 08:41:46 UTC</createdTime>
<commentInRDBMS><![CDATA[Borrower Last Name]]></commentInRDBMS>
<ownerDesignName>rcl_logical</ownerDesignName>
<engineerTo>
<item key="AE0C3E2F-75CD-DE7D-B2B4-1E236B0B3380" value="true"/>
</engineerTo>
<useDomainConstraints>false</useDomainConstraints>
<use>1</use>
<logicalDatatype>LOGDT024</logicalDatatype>
<dataTypeSize>20</dataTypeSize>
<ownDataTypeParameters>20,,</ownDataTypeParameters>
</Attribute>
<Attribute name="borrower_street" id="CD68FFD8-7761-81A2-EB86-C724D09514A4">
<createdBy>LowPC</createdBy>
<createdTime>2024-09-12 08:42:40 UTC</createdTime>
<commentInRDBMS><![CDATA[Borrower Street Number and Name]]></commentInRDBMS>
<ownerDesignName>rcl_logical</ownerDesignName>
<engineerTo>
<item key="AE0C3E2F-75CD-DE7D-B2B4-1E236B0B3380" value="true"/>
</engineerTo>
<useDomainConstraints>false</useDomainConstraints>
<use>1</use>
<logicalDatatype>LOGDT024</logicalDatatype>
<dataTypeSize>40</dataTypeSize>
<ownDataTypeParameters>40,,</ownDataTypeParameters>
</Attribute>
<Attribute name="borrower_city" id="C6B40374-48D3-C0EF-86EE-871940487973">
<createdBy>LowPC</createdBy>
<createdTime>2024-09-12 08:42:48 UTC</createdTime>
<commentInRDBMS><![CDATA[Borrower Suburb]]></commentInRDBMS>
<ownerDesignName>rcl_logical</ownerDesignName>
<engineerTo>
<item key="AE0C3E2F-75CD-DE7D-B2B4-1E236B0B3380" value="true"/>
</engineerTo>
<useDomainConstraints>false</useDomainConstraints>
<use>1</use>
<logicalDatatype>LOGDT024</logicalDatatype>
<dataTypeSize>30</dataTypeSize>
<ownDataTypeParameters>30,,</ownDataTypeParameters>
</Attribute>
<Attribute name="borrower_state" id="F5F76A7E-D381-B96C-E270-4CB8F55D13D9">
<createdBy>LowPC</createdBy>
<createdTime>2024-09-12 08:43:12 UTC</createdTime>
<commentInRDBMS><![CDATA[Borrower State (VIC = Victoria, NSW = New South Wales, QLD = Queensland, NT = Northern Territory, WA = Western Australia, SA = South Australia, TAS = Tasmania, ACT = Australian Capital Territory)]]></commentInRDBMS>
<ownerDesignName>rcl_logical</ownerDesignName>
<engineerTo>
<item key="AE0C3E2F-75CD-DE7D-B2B4-1E236B0B3380" value="true"/>
</engineerTo>
<constraintName>chk_borrower_state</constraintName>
<useDomainConstraints>false</useDomainConstraints>
<use>1</use>
<logicalDatatype>LOGDT025</logicalDatatype>
<dataTypeSize>3</dataTypeSize>
<listOfValues>
<valueDef value="ACT" description="Australian Capital Territory"/>
<valueDef value="NSW" description="New South Wales"/>
<valueDef value="NT" description="Northern Territory"/>
<valueDef value="QLD" description="Queensland"/>
<valueDef value="SA" description="South Australia"/>
<valueDef value="TAS" description="Tasmania"/>
<valueDef value="VIC" description="Victoria"/>
<valueDef value="WA" description="Western Australia"/>
</listOfValues>
<ownDataTypeParameters>3,,</ownDataTypeParameters>
</Attribute>
<Attribute name="borrower_postcode" id="05517397-BE14-EBAB-BAB5-A0F5CD6FCE5E">
<createdBy>LowPC</createdBy>
<createdTime>2024-09-12 08:43:06 UTC</createdTime>
<commentInRDBMS><![CDATA[Borrower Postcode]]></commentInRDBMS>
<ownerDesignName>rcl_logical</ownerDesignName>
<engineerTo>
<item key="AE0C3E2F-75CD-DE7D-B2B4-1E236B0B3380" value="true"/>
</engineerTo>
<useDomainConstraints>false</useDomainConstraints>
<use>1</use>
<logicalDatatype>LOGDT025</logicalDatatype>
<dataTypeSize>4</dataTypeSize>
<ownDataTypeParameters>4,,</ownDataTypeParameters>
</Attribute>
<Attribute name="borrower_phone_no" id="76634608-B416-8D58-DEA7-98DB1A723749">
<createdBy>LowPC</createdBy>
<createdTime>2024-09-13 06:29:08 UTC</createdTime>
<commentInRDBMS><![CDATA[Borrower's Phone Number]]></commentInRDBMS>
<ownerDesignName>rcl_logical</ownerDesignName>
<engineerTo>
<item key="AE0C3E2F-75CD-DE7D-B2B4-1E236B0B3380" value="true"/>
</engineerTo>
<nullsAllowed>true</nullsAllowed>
<useDomainConstraints>false</useDomainConstraints>
<use>1</use>
<logicalDatatype>LOGDT025</logicalDatatype>
<dataTypeSize>10</dataTypeSize>
<ownDataTypeParameters>10,,</ownDataTypeParameters>
</Attribute>
<Attribute name="borrower_status" id="FAFA0BF1-8B4C-05C0-42CB-BDE6933FCF71">
<createdBy>LowPC</createdBy>
<createdTime>2024-09-13 06:30:21 UTC</createdTime>
<commentInRDBMS><![CDATA[Borrower's Status (P=Permitted, B=Banned)]]></commentInRDBMS>
<ownerDesignName>rcl_logical</ownerDesignName>
<engineerTo>
<item key="AE0C3E2F-75CD-DE7D-B2B4-1E236B0B3380" value="true"/>
</engineerTo>
<constraintName>chk_borrower_status</constraintName>
<useDomainConstraints>false</useDomainConstraints>
<use>1</use>
<logicalDatatype>LOGDT025</logicalDatatype>
<dataTypeSize>1</dataTypeSize>
<listOfValues>
<valueDef value="B" description="Banned"/>
<valueDef value="P" description="Permitted"/>
</listOfValues>
<ownDataTypeParameters>1,,</ownDataTypeParameters>
</Attribute>
<Attribute name="branch_code" id="5771BF43-360B-453E-9DFC-8E390C645C31">
<createdBy>LowPC</createdBy>
<createdTime>2024-09-12 10:09:40 UTC</createdTime>
<commentInRDBMS><![CDATA[Branch Code]]></commentInRDBMS>
<generatorID>1CA1690E-2F64-1921-0A1D-332C32206F42</generatorID>
<ownerDesignName>rcl_logical</ownerDesignName>
<engineerTo>
<item key="AE0C3E2F-75CD-DE7D-B2B4-1E236B0B3380" value="true"/>
</engineerTo>
<referedAttribute>C72F6843-DAE9-4B23-2B73-65219BDA1FE1</referedAttribute>
<useDomainConstraints>false</useDomainConstraints>
<use>1</use>
<logicalDatatype>LOGDT019</logicalDatatype>
<dataTypePrecision>3</dataTypePrecision>
<ownDataTypeParameters>,,</ownDataTypeParameters>
</Attribute>
<Attribute name="class_type" id="B2DEC9BD-EEF2-9E05-19F7-CB5F3F7BACCF">
<createdBy>LowPC</createdBy>
<createdTime>2024-09-13 06:22:57 UTC</createdTime>
<commentInRDBMS><![CDATA[Class Type ( A= Adults, C = Child, O = Organisation)]]></commentInRDBMS>
<generatorID>81F3ED01-31D4-4781-E1C4-526035EC9A46</generatorID>
<ownerDesignName>rcl_logical</ownerDesignName>
<engineerTo>
<item key="AE0C3E2F-75CD-DE7D-B2B4-1E236B0B3380" value="true"/>
</engineerTo>
<referedAttribute>227AD883-D99D-13CE-DC2E-717350B03377</referedAttribute>
<useDomainConstraints>false</useDomainConstraints>
<use>1</use>
<logicalDatatype>LOGDT025</logicalDatatype>
<dataTypeSize>1</dataTypeSize>
<ownDataTypeParameters>,,</ownDataTypeParameters>
</Attribute>
</attributes>
<identifiers itemClass="oracle.dbtools.crest.model.design.logical.CandidateKey">
<identifier id="18B3C5FB-E026-C200-4316-B9D0C50B4E0C" name="BORROWER PK">
<createdBy>jason</createdBy>
<createdTime>2024-09-12 09:06:29 UTC</createdTime>
<ownerDesignName>rcl_logical</ownerDesignName>
<engineerTo>
<item key="AE0C3E2F-75CD-DE7D-B2B4-1E236B0B3380" value="true"/>
</engineerTo>
<pk>true</pk>
<usedAttributes>
<attributeRef>F5844489-E161-2576-66E1-24BFEF428CFE</attributeRef>
</usedAttributes>
</identifier>
</identifiers>
</Entity>
