<?xml version = '1.0' encoding = 'UTF-8'?>
<Entity class="oracle.dbtools.crest.model.design.logical.Entity" directorySegmentName="seg_0" id="AF7ACC65-AAFF-CEDE-10DD-82A2509EA772" name="CATALOGUE_AUTHOR">
<createdBy>LowPC</createdBy>
<createdTime>2024-09-12 10:30:52 UTC</createdTime>
<ownerDesignName>rcl_logical</ownerDesignName>
<engineerTo>
<item key="AE0C3E2F-75CD-DE7D-B2B4-1E236B0B3380" value="true"/>
</engineerTo>
<adequatelyNormalized>NO</adequatelyNormalized>
<expectedVolumes>0</expectedVolumes>
<fwdEngineeringStrategyName>Single Table</fwdEngineeringStrategyName>
<growthPercent>0</growthPercent>
<growthType>Year</growthType>
<maxVolumes>9999999</maxVolumes>
<minVolumes>0</minVolumes>
<normalForm>Third</normalForm>
<attributes itemClass="oracle.dbtools.crest.model.design.logical.Attribute">
<Attribute name="catalogue_call_no" id="C193685D-3809-ADAE-BA4A-AE8732C5F579">
<createdBy>LowPC</createdBy>
<createdTime>2024-09-13 06:24:00 UTC</createdTime>
<commentInRDBMS><![CDATA[Catalogue Call Number]]></commentInRDBMS>
<generatorID>DFDC152C-2D84-F545-AE36-5C070AA9DC63</generatorID>
<ownerDesignName>rcl_logical</ownerDesignName>
<engineerTo>
<item key="AE0C3E2F-75CD-DE7D-B2B4-1E236B0B3380" value="true"/>
</engineerTo>
<referedAttribute>DB222B30-884C-66D6-AD8C-534F382F94F9</referedAttribute>
<useDomainConstraints>false</useDomainConstraints>
<use>1</use>
<logicalDatatype>LOGDT024</logicalDatatype>
<dataTypeSize>25</dataTypeSize>
<ownDataTypeParameters>,,</ownDataTypeParameters>
</Attribute>
<Attribute name="author_id" id="DF0FBAB9-2DF4-B8B9-4CD3-2481DE3C5292">
<createdBy>LowPC</createdBy>
<createdTime>2024-09-13 06:24:35 UTC</createdTime>
<commentInRDBMS><![CDATA[Author ID]]></commentInRDBMS>
<generatorID>3F803ABA-C6A7-1449-8CBF-B4D1BAC45013</generatorID>
<ownerDesignName>rcl_logical</ownerDesignName>
<engineerTo>
<item key="AE0C3E2F-75CD-DE7D-B2B4-1E236B0B3380" value="true"/>
</engineerTo>
<referedAttribute>98A93D0C-20EB-791F-130B-D72F26F937F8</referedAttribute>
<useDomainConstraints>false</useDomainConstraints>
<use>1</use>
<logicalDatatype>LOGDT019</logicalDatatype>
<dataTypePrecision>4</dataTypePrecision>
<ownDataTypeParameters>,,</ownDataTypeParameters>
</Attribute>
</attributes>
<identifiers itemClass="oracle.dbtools.crest.model.design.logical.CandidateKey">
<identifier id="8CAC91BF-175E-20FD-46BF-1A5CE6F3CC5A" name="CATALOGUE_AUTHOR PK">
<createdBy>LowPC</createdBy>
<createdTime>2024-09-13 06:26:16 UTC</createdTime>
<ownerDesignName>rcl_logical</ownerDesignName>
<engineerTo>
<item key="AE0C3E2F-75CD-DE7D-B2B4-1E236B0B3380" value="true"/>
</engineerTo>
<pk>true</pk>
<usedAttributes>
<attributeRef>DF0FBAB9-2DF4-B8B9-4CD3-2481DE3C5292</attributeRef>
<attributeRef>C193685D-3809-ADAE-BA4A-AE8732C5F579</attributeRef>
</usedAttributes>
</identifier>
</identifiers>
</Entity>
