<?xml version = '1.0' encoding = 'UTF-8'?>
<Entity class="oracle.dbtools.crest.model.design.logical.Entity" directorySegmentName="seg_0" id="BFBEAA8C-27CB-1EFA-C4A3-BB080886BE2F" name="CLASS">
<createdBy>LowPC</createdBy>
<createdTime>2024-09-12 10:27:49 UTC</createdTime>
<ownerDesignName>rcl_logical</ownerDesignName>
<engineerTo>
<item key="AE0C3E2F-75CD-DE7D-B2B4-1E236B0B3380" value="true"/>
</engineerTo>
<adequatelyNormalized>NO</adequatelyNormalized>
<expectedVolumes>0</expectedVolumes>
<fwdEngineeringStrategyName>Single Table</fwdEngineeringStrategyName>
<growthPercent>0</growthPercent>
<growthType>Year</growthType>
<maxVolumes>9999999</maxVolumes>
<minVolumes>0</minVolumes>
<normalForm>Third</normalForm>
<attributes itemClass="oracle.dbtools.crest.model.design.logical.Attribute">
<Attribute name="class_type" id="227AD883-D99D-13CE-DC2E-717350B03377">
<createdBy>LowPC</createdBy>
<createdTime>2024-09-12 10:29:03 UTC</createdTime>
<commentInRDBMS><![CDATA[Class Type ( A= Adults, C = Child, O = Organisation)]]></commentInRDBMS>
<ownerDesignName>rcl_logical</ownerDesignName>
<engineerTo>
<item key="AE0C3E2F-75CD-DE7D-B2B4-1E236B0B3380" value="true"/>
</engineerTo>
<constraintName>chk_class_type</constraintName>
<useDomainConstraints>false</useDomainConstraints>
<use>1</use>
<logicalDatatype>LOGDT025</logicalDatatype>
<dataTypeSize>1</dataTypeSize>
<listOfValues>
<valueDef value="A" description="Adult"/>
<valueDef value="C" description="Child"/>
<valueDef value="O" description="Organisation"/>
</listOfValues>
<ownDataTypeParameters>1,,</ownDataTypeParameters>
</Attribute>
<Attribute name="class_no_allowed_books" id="796FC091-95AA-D124-1218-17FF512BCD27">
<createdBy>LowPC</createdBy>
<createdTime>2024-09-12 10:29:03 UTC</createdTime>
<commentInRDBMS><![CDATA[Number of Allowed Books of the Class]]></commentInRDBMS>
<ownerDesignName>rcl_logical</ownerDesignName>
<engineerTo>
<item key="AE0C3E2F-75CD-DE7D-B2B4-1E236B0B3380" value="true"/>
</engineerTo>
<useDomainConstraints>false</useDomainConstraints>
<use>1</use>
<logicalDatatype>LOGDT019</logicalDatatype>
<dataTypePrecision>2</dataTypePrecision>
<ownDataTypeParameters>,2,</ownDataTypeParameters>
</Attribute>
<Attribute name="class_standard_loan_period" id="BCFB3952-5E4E-DB9B-7AF9-A38D1505784F">
<createdBy>LowPC</createdBy>
<createdTime>2024-09-12 10:29:03 UTC</createdTime>
<commentInRDBMS><![CDATA[Standard Loan Period of the Class (number of days a book can be borrowed)]]></commentInRDBMS>
<ownerDesignName>rcl_logical</ownerDesignName>
<engineerTo>
<item key="AE0C3E2F-75CD-DE7D-B2B4-1E236B0B3380" value="true"/>
</engineerTo>
<useDomainConstraints>false</useDomainConstraints>
<use>1</use>
<logicalDatatype>LOGDT019</logicalDatatype>
<dataTypePrecision>2</dataTypePrecision>
<ownDataTypeParameters>,2,</ownDataTypeParameters>
</Attribute>
</attributes>
<identifiers itemClass="oracle.dbtools.crest.model.design.logical.CandidateKey">
<identifier id="811BB579-F924-D334-547F-BF46BB8ECA69" name="CLASS PK">
<createdBy>jason</createdBy>
<createdTime>2024-09-12 10:40:47 UTC</createdTime>
<ownerDesignName>rcl_logical</ownerDesignName>
<engineerTo>
<item key="AE0C3E2F-75CD-DE7D-B2B4-1E236B0B3380" value="true"/>
</engineerTo>
<pk>true</pk>
<usedAttributes>
<attributeRef>227AD883-D99D-13CE-DC2E-717350B03377</attributeRef>
</usedAttributes>
</identifier>
</identifiers>
</Entity>
