<?xml version = '1.0' encoding = 'UTF-8'?>
<Entity class="oracle.dbtools.crest.model.design.logical.Entity" directorySegmentName="seg_0" id="C446A498-D26C-19C9-A79E-7294DBCA8115" name="CATALOGUE">
<createdBy>LowPC</createdBy>
<createdTime>2024-09-12 08:45:48 UTC</createdTime>
<ownerDesignName>rcl_logical</ownerDesignName>
<engineerTo>
<item key="AE0C3E2F-75CD-DE7D-B2B4-1E236B0B3380" value="true"/>
</engineerTo>
<adequatelyNormalized>NO</adequatelyNormalized>
<expectedVolumes>0</expectedVolumes>
<fwdEngineeringStrategyName>Single Table</fwdEngineeringStrategyName>
<growthPercent>0</growthPercent>
<growthType>Year</growthType>
<maxVolumes>9999999</maxVolumes>
<minVolumes>0</minVolumes>
<normalForm>Third</normalForm>
<attributes itemClass="oracle.dbtools.crest.model.design.logical.Attribute">
<Attribute name="catalogue_call_no" id="DB222B30-884C-66D6-AD8C-534F382F94F9">
<createdBy>LowPC</createdBy>
<createdTime>2024-09-12 08:45:54 UTC</createdTime>
<commentInRDBMS><![CDATA[Catalogue Call Number]]></commentInRDBMS>
<ownerDesignName>rcl_logical</ownerDesignName>
<engineerTo>
<item key="AE0C3E2F-75CD-DE7D-B2B4-1E236B0B3380" value="true"/>
</engineerTo>
<useDomainConstraints>false</useDomainConstraints>
<use>1</use>
<logicalDatatype>LOGDT024</logicalDatatype>
<dataTypeSize>25</dataTypeSize>
<ownDataTypeParameters>25,,</ownDataTypeParameters>
</Attribute>
<Attribute name="catalogue_title" id="6C6070E0-948A-F003-2E6F-CBE5C8B5E250">
<createdBy>LowPC</createdBy>
<createdTime>2024-09-12 08:45:54 UTC</createdTime>
<commentInRDBMS><![CDATA[Catalogue Title]]></commentInRDBMS>
<ownerDesignName>rcl_logical</ownerDesignName>
<engineerTo>
<item key="AE0C3E2F-75CD-DE7D-B2B4-1E236B0B3380" value="true"/>
</engineerTo>
<useDomainConstraints>false</useDomainConstraints>
<use>1</use>
<logicalDatatype>LOGDT024</logicalDatatype>
<dataTypeSize>100</dataTypeSize>
<ownDataTypeParameters>100,,</ownDataTypeParameters>
</Attribute>
<Attribute name="catalogue_publish_year" id="3FCCC71B-68DB-0229-6E7A-066C182B2C0C">
<createdBy>LowPC</createdBy>
<createdTime>2024-09-12 08:45:54 UTC</createdTime>
<commentInRDBMS><![CDATA[Catalogue Publish Year]]></commentInRDBMS>
<ownerDesignName>rcl_logical</ownerDesignName>
<engineerTo>
<item key="AE0C3E2F-75CD-DE7D-B2B4-1E236B0B3380" value="true"/>
</engineerTo>
<useDomainConstraints>false</useDomainConstraints>
<use>1</use>
<logicalDatatype>LOGDT025</logicalDatatype>
<dataTypeSize>4</dataTypeSize>
<ownDataTypeParameters>4,,</ownDataTypeParameters>
</Attribute>
<Attribute name="catalogue_contents" id="996B95C5-4AE9-5528-25D3-CBA30D3826E9">
<createdBy>LowPC</createdBy>
<createdTime>2024-09-12 08:46:39 UTC</createdTime>
<commentInRDBMS><![CDATA[Catalogue Content]]></commentInRDBMS>
<ownerDesignName>rcl_logical</ownerDesignName>
<engineerTo>
<item key="AE0C3E2F-75CD-DE7D-B2B4-1E236B0B3380" value="true"/>
</engineerTo>
<useDomainConstraints>false</useDomainConstraints>
<use>1</use>
<logicalDatatype>LOGDT024</logicalDatatype>
<dataTypeSize>2000</dataTypeSize>
<ownDataTypeParameters>2000,,</ownDataTypeParameters>
</Attribute>
<Attribute name="catalogue_page_no" id="ED457C49-DECB-3FDF-F36A-A246397978C1">
<createdBy>LowPC</createdBy>
<createdTime>2024-09-12 08:46:39 UTC</createdTime>
<commentInRDBMS><![CDATA[Catalogue Page Number]]></commentInRDBMS>
<ownerDesignName>rcl_logical</ownerDesignName>
<engineerTo>
<item key="AE0C3E2F-75CD-DE7D-B2B4-1E236B0B3380" value="true"/>
</engineerTo>
<useDomainConstraints>false</useDomainConstraints>
<use>1</use>
<logicalDatatype>LOGDT019</logicalDatatype>
<dataTypePrecision>3</dataTypePrecision>
<ownDataTypeParameters>,3,</ownDataTypeParameters>
</Attribute>
<Attribute name="catalogue_language" id="E2018A0A-E2D4-35AB-EBA4-44E99BF5345D">
<createdBy>LowPC</createdBy>
<createdTime>2024-09-13 06:35:01 UTC</createdTime>
<commentInRDBMS><![CDATA[Catalogue Language]]></commentInRDBMS>
<ownerDesignName>rcl_logical</ownerDesignName>
<engineerTo>
<item key="AE0C3E2F-75CD-DE7D-B2B4-1E236B0B3380" value="true"/>
</engineerTo>
<useDomainConstraints>false</useDomainConstraints>
<use>1</use>
<logicalDatatype>LOGDT024</logicalDatatype>
<dataTypeSize>20</dataTypeSize>
<ownDataTypeParameters>20,,</ownDataTypeParameters>
</Attribute>
<Attribute name="catalogue_classification" id="677293D7-F635-CAFB-B7D4-9E0FFB92EC7A">
<createdBy>LowPC</createdBy>
<createdTime>2024-09-12 08:46:52 UTC</createdTime>
<commentInRDBMS><![CDATA[Catalogue Classification (R = Reference, F = Fiction)]]></commentInRDBMS>
<ownerDesignName>rcl_logical</ownerDesignName>
<engineerTo>
<item key="AE0C3E2F-75CD-DE7D-B2B4-1E236B0B3380" value="true"/>
</engineerTo>
<constraintName>chk_catalogue_classification</constraintName>
<useDomainConstraints>false</useDomainConstraints>
<use>1</use>
<logicalDatatype>LOGDT025</logicalDatatype>
<dataTypeSize>1</dataTypeSize>
<listOfValues>
<valueDef value="F" description="Fiction"/>
<valueDef value="R" description="Reference"/>
</listOfValues>
<ownDataTypeParameters>1,,</ownDataTypeParameters>
</Attribute>
<Attribute name="catalogue_reading_level" id="B9E1F1A5-BF6E-1F28-22F6-D285CB258B39">
<createdBy>LowPC</createdBy>
<createdTime>2024-09-12 08:47:03 UTC</createdTime>
<commentInRDBMS><![CDATA[Catalogue Reading Level (from 1 (Easy) to 30 (Very Difficult))]]></commentInRDBMS>
<ownerDesignName>rcl_logical</ownerDesignName>
<engineerTo>
<item key="AE0C3E2F-75CD-DE7D-B2B4-1E236B0B3380" value="true"/>
</engineerTo>
<constraintName>chk_catalogue_reading_level</constraintName>
<nullsAllowed>true</nullsAllowed>
<useDomainConstraints>false</useDomainConstraints>
<use>1</use>
<logicalDatatype>LOGDT019</logicalDatatype>
<dataTypePrecision>2</dataTypePrecision>
<ownDataTypeParameters>,2,</ownDataTypeParameters>
<listOfRanges>
<rangeDef class="oracle.dbtools.crest.model.design.constraint.AVT">
<beginValue>1</beginValue>
<endValue>30</endValue>
<description>Reading Level Difficulty for Fiction Books (from Easy to Very Difficult</description>
</rangeDef>
</listOfRanges>
</Attribute>
<Attribute name="catalogue_edition" id="762BF35A-3F22-E8A3-8C6F-66D13E9842D3">
<createdBy>LowPC</createdBy>
<createdTime>2024-09-13 06:35:01 UTC</createdTime>
<commentInRDBMS><![CDATA[Catalogue Edition (Accpetable Format: ##st Edition, ##nd Edition, ##rd Edition or ##th Edition)]]></commentInRDBMS>
<ownerDesignName>rcl_logical</ownerDesignName>
<engineerTo>
<item key="AE0C3E2F-75CD-DE7D-B2B4-1E236B0B3380" value="true"/>
</engineerTo>
<nullsAllowed>true</nullsAllowed>
<useDomainConstraints>false</useDomainConstraints>
<use>1</use>
<logicalDatatype>LOGDT024</logicalDatatype>
<dataTypeSize>12</dataTypeSize>
<ownDataTypeParameters>12,,</ownDataTypeParameters>
</Attribute>
<Attribute name="catalogue_note" id="FC5264CC-E4F4-D6C7-4E79-F97DDD7F154A">
<createdBy>LowPC</createdBy>
<createdTime>2024-09-13 06:35:25 UTC</createdTime>
<commentInRDBMS><![CDATA[Catalogue Note]]></commentInRDBMS>
<ownerDesignName>rcl_logical</ownerDesignName>
<engineerTo>
<item key="AE0C3E2F-75CD-DE7D-B2B4-1E236B0B3380" value="true"/>
</engineerTo>
<nullsAllowed>true</nullsAllowed>
<useDomainConstraints>false</useDomainConstraints>
<use>1</use>
<logicalDatatype>LOGDT024</logicalDatatype>
<dataTypeSize>200</dataTypeSize>
<ownDataTypeParameters>200,,</ownDataTypeParameters>
</Attribute>
<Attribute name="publisher_id" id="15118659-3350-3E80-2996-3A0CFA5A7333">
<createdBy>LowPC</createdBy>
<createdTime>2024-09-12 10:17:01 UTC</createdTime>
<commentInRDBMS><![CDATA[Publisher ID]]></commentInRDBMS>
<generatorID>7773D7EB-81A1-3D4E-6B56-EB98714D0238</generatorID>
<ownerDesignName>rcl_logical</ownerDesignName>
<engineerTo>
<item key="AE0C3E2F-75CD-DE7D-B2B4-1E236B0B3380" value="true"/>
</engineerTo>
<referedAttribute>AD0E2D74-512D-A562-C0E7-DEE3A18E5C00</referedAttribute>
<useDomainConstraints>false</useDomainConstraints>
<use>1</use>
<logicalDatatype>LOGDT019</logicalDatatype>
<dataTypePrecision>4</dataTypePrecision>
<ownDataTypeParameters>,,</ownDataTypeParameters>
</Attribute>
</attributes>
<identifiers itemClass="oracle.dbtools.crest.model.design.logical.CandidateKey">
<identifier id="82AF50E0-88CE-154C-8798-6237CCF6E9AD" name="CATALOGUE PK">
<createdBy>jason</createdBy>
<createdTime>2024-09-12 09:24:53 UTC</createdTime>
<ownerDesignName>rcl_logical</ownerDesignName>
<engineerTo>
<item key="AE0C3E2F-75CD-DE7D-B2B4-1E236B0B3380" value="true"/>
</engineerTo>
<pk>true</pk>
<usedAttributes>
<attributeRef>DB222B30-884C-66D6-AD8C-534F382F94F9</attributeRef>
</usedAttributes>
</identifier>
</identifiers>
</Entity>
