<?xml version = '1.0' encoding = 'UTF-8'?>
<Entity class="oracle.dbtools.crest.model.design.logical.Entity" directorySegmentName="seg_0" id="C646726C-5C20-80E2-0F95-8CDCA4E1D21A" name="BRANCH">
<createdBy>LowPC</createdBy>
<createdTime>2024-09-12 08:40:14 UTC</createdTime>
<ownerDesignName>rcl_logical</ownerDesignName>
<engineerTo>
<item key="AE0C3E2F-75CD-DE7D-B2B4-1E236B0B3380" value="true"/>
</engineerTo>
<adequatelyNormalized>NO</adequatelyNormalized>
<expectedVolumes>0</expectedVolumes>
<fwdEngineeringStrategyName>Single Table</fwdEngineeringStrategyName>
<growthPercent>0</growthPercent>
<growthType>Year</growthType>
<maxVolumes>9999999</maxVolumes>
<minVolumes>0</minVolumes>
<normalForm>Third</normalForm>
<attributes itemClass="oracle.dbtools.crest.model.design.logical.Attribute">
<Attribute name="branch_code" id="C72F6843-DAE9-4B23-2B73-65219BDA1FE1">
<createdBy>LowPC</createdBy>
<createdTime>2024-09-12 08:40:22 UTC</createdTime>
<commentInRDBMS><![CDATA[Branch Code]]></commentInRDBMS>
<ownerDesignName>rcl_logical</ownerDesignName>
<engineerTo>
<item key="AE0C3E2F-75CD-DE7D-B2B4-1E236B0B3380" value="true"/>
</engineerTo>
<useDomainConstraints>false</useDomainConstraints>
<use>1</use>
<logicalDatatype>LOGDT019</logicalDatatype>
<dataTypePrecision>3</dataTypePrecision>
<ownDataTypeParameters>,3,</ownDataTypeParameters>
</Attribute>
<Attribute name="branch_name" id="C53F8C1D-EB9A-E619-DCCC-C388BD8C1F71">
<createdBy>LowPC</createdBy>
<createdTime>2024-09-12 08:40:23 UTC</createdTime>
<commentInRDBMS><![CDATA[Branch Name]]></commentInRDBMS>
<ownerDesignName>rcl_logical</ownerDesignName>
<engineerTo>
<item key="AE0C3E2F-75CD-DE7D-B2B4-1E236B0B3380" value="true"/>
</engineerTo>
<useDomainConstraints>false</useDomainConstraints>
<use>1</use>
<logicalDatatype>LOGDT024</logicalDatatype>
<dataTypeSize>20</dataTypeSize>
<ownDataTypeParameters>20,,</ownDataTypeParameters>
</Attribute>
<Attribute name="branch_address" id="477E8FC9-9E59-9CC5-A880-0151E3E5F50C">
<createdBy>LowPC</createdBy>
<createdTime>2024-09-12 08:40:23 UTC</createdTime>
<commentInRDBMS><![CDATA[Branch Address]]></commentInRDBMS>
<ownerDesignName>rcl_logical</ownerDesignName>
<engineerTo>
<item key="AE0C3E2F-75CD-DE7D-B2B4-1E236B0B3380" value="true"/>
</engineerTo>
<useDomainConstraints>false</useDomainConstraints>
<use>1</use>
<logicalDatatype>LOGDT024</logicalDatatype>
<dataTypeSize>80</dataTypeSize>
<ownDataTypeParameters>80,,</ownDataTypeParameters>
</Attribute>
<Attribute name="branch_phone_no" id="6D3EA153-D59E-E9C3-42F4-9E78E82923A2">
<createdBy>LowPC</createdBy>
<createdTime>2024-09-12 08:40:44 UTC</createdTime>
<commentInRDBMS><![CDATA[Branch Phone Number]]></commentInRDBMS>
<ownerDesignName>rcl_logical</ownerDesignName>
<engineerTo>
<item key="AE0C3E2F-75CD-DE7D-B2B4-1E236B0B3380" value="true"/>
</engineerTo>
<useDomainConstraints>false</useDomainConstraints>
<use>1</use>
<logicalDatatype>LOGDT025</logicalDatatype>
<dataTypeSize>10</dataTypeSize>
<ownDataTypeParameters>10,,</ownDataTypeParameters>
</Attribute>
<Attribute name="manager_id" id="0433B3A8-9A2E-C0CF-A707-CB60A06939A8">
<createdBy>LowPC</createdBy>
<createdTime>2024-09-12 10:04:33 UTC</createdTime>
<commentInRDBMS><![CDATA[Manager ID]]></commentInRDBMS>
<generatorID>1AC040CC-9435-BFB2-A2D0-3A9EC2A6F2A7</generatorID>
<ownerDesignName>rcl_logical</ownerDesignName>
<engineerTo>
<item key="AE0C3E2F-75CD-DE7D-B2B4-1E236B0B3380" value="true"/>
</engineerTo>
<referedAttribute>8EAC4B8F-945E-8DA5-CEBB-0F3CCBA7A9EA</referedAttribute>
<useDomainConstraints>false</useDomainConstraints>
<use>1</use>
<logicalDatatype>LOGDT019</logicalDatatype>
<dataTypePrecision>3</dataTypePrecision>
<ownDataTypeParameters>,,</ownDataTypeParameters>
</Attribute>
<Attribute name="LGA_id" id="BF3F12F4-69E1-2B24-EF7C-8C4EC1B2929D">
<createdBy>LowPC</createdBy>
<createdTime>2024-09-12 10:09:03 UTC</createdTime>
<commentInRDBMS><![CDATA[LGA ID]]></commentInRDBMS>
<generatorID>E67438A6-2724-60DF-42FD-2B7EB552810D</generatorID>
<ownerDesignName>rcl_logical</ownerDesignName>
<engineerTo>
<item key="AE0C3E2F-75CD-DE7D-B2B4-1E236B0B3380" value="true"/>
</engineerTo>
<referedAttribute>B54B010A-7124-1758-E9A3-A71F69939FE6</referedAttribute>
<useDomainConstraints>false</useDomainConstraints>
<use>1</use>
<logicalDatatype>LOGDT019</logicalDatatype>
<dataTypePrecision>3</dataTypePrecision>
<ownDataTypeParameters>,,</ownDataTypeParameters>
</Attribute>
</attributes>
<identifiers itemClass="oracle.dbtools.crest.model.design.logical.CandidateKey">
<identifier id="B8E95F7B-2107-C84F-43E1-B9AB2E347AD1" name="BRANCH PK">
<createdBy>jason</createdBy>
<createdTime>2024-09-12 09:05:46 UTC</createdTime>
<ownerDesignName>rcl_logical</ownerDesignName>
<engineerTo>
<item key="AE0C3E2F-75CD-DE7D-B2B4-1E236B0B3380" value="true"/>
</engineerTo>
<pk>true</pk>
<usedAttributes>
<attributeRef>C72F6843-DAE9-4B23-2B73-65219BDA1FE1</attributeRef>
</usedAttributes>
</identifier>
</identifiers>
</Entity>
