<?xml version = '1.0' encoding = 'UTF-8'?>
<Entity class="oracle.dbtools.crest.model.design.logical.Entity" directorySegmentName="seg_0" id="D331D2AA-82BA-60E3-E104-C9A1B9C88151" name="AUTHOR">
<createdBy>LowPC</createdBy>
<createdTime>2024-09-12 08:47:44 UTC</createdTime>
<ownerDesignName>rcl_logical</ownerDesignName>
<engineerTo>
<item key="AE0C3E2F-75CD-DE7D-B2B4-1E236B0B3380" value="true"/>
</engineerTo>
<adequatelyNormalized>NO</adequatelyNormalized>
<expectedVolumes>0</expectedVolumes>
<fwdEngineeringStrategyName>Single Table</fwdEngineeringStrategyName>
<growthPercent>0</growthPercent>
<growthType>Year</growthType>
<maxVolumes>9999999</maxVolumes>
<minVolumes>0</minVolumes>
<normalForm>Third</normalForm>
<attributes itemClass="oracle.dbtools.crest.model.design.logical.Attribute">
<Attribute name="author_id" id="98A93D0C-20EB-791F-130B-D72F26F937F8">
<createdBy>LowPC</createdBy>
<createdTime>2024-09-12 08:47:49 UTC</createdTime>
<commentInRDBMS><![CDATA[Author ID]]></commentInRDBMS>
<ownerDesignName>rcl_logical</ownerDesignName>
<engineerTo>
<item key="AE0C3E2F-75CD-DE7D-B2B4-1E236B0B3380" value="true"/>
</engineerTo>
<useDomainConstraints>false</useDomainConstraints>
<use>1</use>
<logicalDatatype>LOGDT019</logicalDatatype>
<dataTypePrecision>4</dataTypePrecision>
<ownDataTypeParameters>,4,</ownDataTypeParameters>
</Attribute>
<Attribute name="author_fname" id="30ACC1FC-9BE8-CFF8-4035-54032D5E8212">
<createdBy>LowPC</createdBy>
<createdTime>2024-09-12 08:47:49 UTC</createdTime>
<commentInRDBMS><![CDATA[Author First Name]]></commentInRDBMS>
<ownerDesignName>rcl_logical</ownerDesignName>
<engineerTo>
<item key="AE0C3E2F-75CD-DE7D-B2B4-1E236B0B3380" value="true"/>
</engineerTo>
<useDomainConstraints>false</useDomainConstraints>
<use>1</use>
<logicalDatatype>LOGDT024</logicalDatatype>
<dataTypeSize>20</dataTypeSize>
<ownDataTypeParameters>20,,</ownDataTypeParameters>
</Attribute>
<Attribute name="author_lname" id="92135E6D-FA6F-7EA6-B160-9FCE12FF9A75">
<createdBy>LowPC</createdBy>
<createdTime>2024-09-12 08:47:50 UTC</createdTime>
<commentInRDBMS><![CDATA[Author Last Name]]></commentInRDBMS>
<ownerDesignName>rcl_logical</ownerDesignName>
<engineerTo>
<item key="AE0C3E2F-75CD-DE7D-B2B4-1E236B0B3380" value="true"/>
</engineerTo>
<useDomainConstraints>false</useDomainConstraints>
<use>1</use>
<logicalDatatype>LOGDT024</logicalDatatype>
<dataTypeSize>20</dataTypeSize>
<ownDataTypeParameters>20,,</ownDataTypeParameters>
</Attribute>
</attributes>
<identifiers itemClass="oracle.dbtools.crest.model.design.logical.CandidateKey">
<identifier id="F73B2FA1-0696-BA97-E1B8-CA688A17F722" name="AUTHOR PK">
<createdBy>jason</createdBy>
<createdTime>2024-09-12 09:25:05 UTC</createdTime>
<ownerDesignName>rcl_logical</ownerDesignName>
<engineerTo>
<item key="AE0C3E2F-75CD-DE7D-B2B4-1E236B0B3380" value="true"/>
</engineerTo>
<pk>true</pk>
<usedAttributes>
<attributeRef>98A93D0C-20EB-791F-130B-D72F26F937F8</attributeRef>
</usedAttributes>
</identifier>
</identifiers>
</Entity>
