<?xml version = '1.0' encoding = 'UTF-8'?>
<Entity class="oracle.dbtools.crest.model.design.logical.Entity" directorySegmentName="seg_0" id="D7CCFC9F-97CF-85B9-17FE-EAE968765820" name="CATALOGUE_SUBJECT">
<createdBy>LowPC</createdBy>
<createdTime>2024-09-12 10:31:11 UTC</createdTime>
<ownerDesignName>rcl_logical</ownerDesignName>
<engineerTo>
<item key="AE0C3E2F-75CD-DE7D-B2B4-1E236B0B3380" value="true"/>
</engineerTo>
<adequatelyNormalized>NO</adequatelyNormalized>
<expectedVolumes>0</expectedVolumes>
<fwdEngineeringStrategyName>Single Table</fwdEngineeringStrategyName>
<growthPercent>0</growthPercent>
<growthType>Year</growthType>
<maxVolumes>9999999</maxVolumes>
<minVolumes>0</minVolumes>
<normalForm>Third</normalForm>
<attributes itemClass="oracle.dbtools.crest.model.design.logical.Attribute">
<Attribute name="catalogue_call_no" id="C818A557-8125-878B-0462-93AAA9BE601D">
<createdBy>LowPC</createdBy>
<createdTime>2024-09-13 06:25:06 UTC</createdTime>
<commentInRDBMS><![CDATA[Catalogue Call Number]]></commentInRDBMS>
<generatorID>0EE07717-9311-4D34-55EE-32ED783B1A16</generatorID>
<ownerDesignName>rcl_logical</ownerDesignName>
<engineerTo>
<item key="AE0C3E2F-75CD-DE7D-B2B4-1E236B0B3380" value="true"/>
</engineerTo>
<referedAttribute>DB222B30-884C-66D6-AD8C-534F382F94F9</referedAttribute>
<useDomainConstraints>false</useDomainConstraints>
<use>1</use>
<logicalDatatype>LOGDT024</logicalDatatype>
<dataTypeSize>25</dataTypeSize>
<ownDataTypeParameters>,,</ownDataTypeParameters>
</Attribute>
<Attribute name="subject_id" id="3A4756D5-B776-DD82-C5BB-F0DAA190C840">
<createdBy>LowPC</createdBy>
<createdTime>2024-09-13 06:25:34 UTC</createdTime>
<commentInRDBMS><![CDATA[Subejct ID]]></commentInRDBMS>
<generatorID>81C7620B-1EA8-4240-AC2E-58F4F64DD912</generatorID>
<ownerDesignName>rcl_logical</ownerDesignName>
<engineerTo>
<item key="AE0C3E2F-75CD-DE7D-B2B4-1E236B0B3380" value="true"/>
</engineerTo>
<referedAttribute>9A4F17C5-9CB3-D8FB-6867-4CE5C56D6D92</referedAttribute>
<useDomainConstraints>false</useDomainConstraints>
<use>1</use>
<logicalDatatype>LOGDT019</logicalDatatype>
<dataTypePrecision>4</dataTypePrecision>
<ownDataTypeParameters>,,</ownDataTypeParameters>
</Attribute>
</attributes>
<identifiers itemClass="oracle.dbtools.crest.model.design.logical.CandidateKey">
<identifier id="5CA98178-4FBA-06E2-63A8-0B57BEB92CE6" name="CATALOGUE_SUBJECT PK">
<createdBy>LowPC</createdBy>
<createdTime>2024-09-13 06:26:31 UTC</createdTime>
<ownerDesignName>rcl_logical</ownerDesignName>
<engineerTo>
<item key="AE0C3E2F-75CD-DE7D-B2B4-1E236B0B3380" value="true"/>
</engineerTo>
<pk>true</pk>
<usedAttributes>
<attributeRef>C818A557-8125-878B-0462-93AAA9BE601D</attributeRef>
<attributeRef>3A4756D5-B776-DD82-C5BB-F0DAA190C840</attributeRef>
</usedAttributes>
</identifier>
</identifiers>
</Entity>
