<?xml version = '1.0' encoding = 'UTF-8'?>
<Entity class="oracle.dbtools.crest.model.design.logical.Entity" directorySegmentName="seg_0" id="DD168DCF-43FB-78E5-A4FA-B18E7730ED25" name="PUBLISHER">
<createdBy>LowPC</createdBy>
<createdTime>2024-09-12 08:47:20 UTC</createdTime>
<ownerDesignName>rcl_logical</ownerDesignName>
<engineerTo>
<item key="AE0C3E2F-75CD-DE7D-B2B4-1E236B0B3380" value="true"/>
</engineerTo>
<adequatelyNormalized>NO</adequatelyNormalized>
<expectedVolumes>0</expectedVolumes>
<fwdEngineeringStrategyName>Single Table</fwdEngineeringStrategyName>
<growthPercent>0</growthPercent>
<growthType>Year</growthType>
<maxVolumes>9999999</maxVolumes>
<minVolumes>0</minVolumes>
<normalForm>Third</normalForm>
<attributes itemClass="oracle.dbtools.crest.model.design.logical.Attribute">
<Attribute name="publisher_id" id="AD0E2D74-512D-A562-C0E7-DEE3A18E5C00">
<createdBy>LowPC</createdBy>
<createdTime>2024-09-12 08:47:28 UTC</createdTime>
<commentInRDBMS><![CDATA[Publisher ID]]></commentInRDBMS>
<ownerDesignName>rcl_logical</ownerDesignName>
<engineerTo>
<item key="AE0C3E2F-75CD-DE7D-B2B4-1E236B0B3380" value="true"/>
</engineerTo>
<useDomainConstraints>false</useDomainConstraints>
<use>1</use>
<logicalDatatype>LOGDT019</logicalDatatype>
<dataTypePrecision>4</dataTypePrecision>
<ownDataTypeParameters>,4,</ownDataTypeParameters>
</Attribute>
<Attribute name="publisher_name" id="8B848FD6-1419-6BEB-040F-D334D016A33D">
<createdBy>LowPC</createdBy>
<createdTime>2024-09-12 08:47:28 UTC</createdTime>
<commentInRDBMS><![CDATA[Publisher Name]]></commentInRDBMS>
<ownerDesignName>rcl_logical</ownerDesignName>
<engineerTo>
<item key="AE0C3E2F-75CD-DE7D-B2B4-1E236B0B3380" value="true"/>
</engineerTo>
<useDomainConstraints>false</useDomainConstraints>
<use>1</use>
<logicalDatatype>LOGDT024</logicalDatatype>
<dataTypeSize>20</dataTypeSize>
<ownDataTypeParameters>20,,</ownDataTypeParameters>
</Attribute>
</attributes>
<identifiers itemClass="oracle.dbtools.crest.model.design.logical.CandidateKey">
<identifier id="C3043C5F-BE7E-74D7-0E81-EE1A3DC779B8" name="PUBLISHER PK">
<createdBy>jason</createdBy>
<createdTime>2024-09-12 09:24:48 UTC</createdTime>
<ownerDesignName>rcl_logical</ownerDesignName>
<engineerTo>
<item key="AE0C3E2F-75CD-DE7D-B2B4-1E236B0B3380" value="true"/>
</engineerTo>
<pk>true</pk>
<usedAttributes>
<attributeRef>AD0E2D74-512D-A562-C0E7-DEE3A18E5C00</attributeRef>
</usedAttributes>
</identifier>
</identifiers>
</Entity>
