<?xml version = '1.0' encoding = 'UTF-8'?>
<Entity class="oracle.dbtools.crest.model.design.logical.Entity" directorySegmentName="seg_0" id="FC52C165-9E6D-56F7-107B-D327770B2E37" name="IDENTIFIER">
<createdBy>LowPC</createdBy>
<createdTime>2024-09-12 08:45:03 UTC</createdTime>
<ownerDesignName>rcl_logical</ownerDesignName>
<engineerTo>
<item key="AE0C3E2F-75CD-DE7D-B2B4-1E236B0B3380" value="true"/>
</engineerTo>
<adequatelyNormalized>NO</adequatelyNormalized>
<expectedVolumes>0</expectedVolumes>
<fwdEngineeringStrategyName>Single Table</fwdEngineeringStrategyName>
<growthPercent>0</growthPercent>
<growthType>Year</growthType>
<maxVolumes>9999999</maxVolumes>
<minVolumes>0</minVolumes>
<normalForm>Third</normalForm>
<attributes itemClass="oracle.dbtools.crest.model.design.logical.Attribute">
<Attribute name="identifier_ISBN" id="67F7BFC9-2C56-832E-951B-2A378467BD53">
<createdBy>LowPC</createdBy>
<createdTime>2024-09-12 08:45:10 UTC</createdTime>
<commentInRDBMS><![CDATA[Identifier ISBN]]></commentInRDBMS>
<ownerDesignName>rcl_logical</ownerDesignName>
<engineerTo>
<item key="AE0C3E2F-75CD-DE7D-B2B4-1E236B0B3380" value="true"/>
</engineerTo>
<useDomainConstraints>false</useDomainConstraints>
<use>1</use>
<logicalDatatype>LOGDT019</logicalDatatype>
<dataTypePrecision>13</dataTypePrecision>
<ownDataTypeParameters>,13,</ownDataTypeParameters>
</Attribute>
<Attribute name="identifier_book_type" id="474497D6-8ABE-5050-0D9E-E1C5E105C570">
<createdBy>LowPC</createdBy>
<createdTime>2024-09-12 08:45:10 UTC</createdTime>
<commentInRDBMS><![CDATA[Identifier Book Type (HC = Hardcover, LL = Loose Leaf)]]></commentInRDBMS>
<ownerDesignName>rcl_logical</ownerDesignName>
<engineerTo>
<item key="AE0C3E2F-75CD-DE7D-B2B4-1E236B0B3380" value="true"/>
</engineerTo>
<constraintName>chk_identifier_book_type</constraintName>
<useDomainConstraints>false</useDomainConstraints>
<use>1</use>
<logicalDatatype>LOGDT025</logicalDatatype>
<dataTypeSize>2</dataTypeSize>
<listOfValues>
<valueDef value="HC" description="Hardcover"/>
<valueDef value="LL" description="Loose Leaf"/>
</listOfValues>
<ownDataTypeParameters>2,,</ownDataTypeParameters>
</Attribute>
<Attribute name="catalogue_call_no" id="8EBC58AF-A476-F909-AF24-78D5556D94C6">
<createdBy>LowPC</createdBy>
<createdTime>2024-09-12 10:16:21 UTC</createdTime>
<commentInRDBMS><![CDATA[Catalogue Call Number]]></commentInRDBMS>
<generatorID>50825328-EBC1-6B91-ADEB-A444B2F1BB0F</generatorID>
<ownerDesignName>rcl_logical</ownerDesignName>
<engineerTo>
<item key="AE0C3E2F-75CD-DE7D-B2B4-1E236B0B3380" value="true"/>
</engineerTo>
<referedAttribute>DB222B30-884C-66D6-AD8C-534F382F94F9</referedAttribute>
<useDomainConstraints>false</useDomainConstraints>
<use>1</use>
<logicalDatatype>LOGDT024</logicalDatatype>
<dataTypeSize>25</dataTypeSize>
<ownDataTypeParameters>,,</ownDataTypeParameters>
</Attribute>
</attributes>
<identifiers itemClass="oracle.dbtools.crest.model.design.logical.CandidateKey">
<identifier id="27FC230F-00B0-1938-4557-B512A7FED4B2" name="IDENTIFIER PK">
<createdBy>jason</createdBy>
<createdTime>2024-09-12 09:24:39 UTC</createdTime>
<ownerDesignName>rcl_logical</ownerDesignName>
<engineerTo>
<item key="AE0C3E2F-75CD-DE7D-B2B4-1E236B0B3380" value="true"/>
</engineerTo>
<pk>true</pk>
<usedAttributes>
<attributeRef>67F7BFC9-2C56-832E-951B-2A378467BD53</attributeRef>
</usedAttributes>
</identifier>
</identifiers>
</Entity>
