<?xml version = '1.0' encoding = 'UTF-8'?>
<Table class="oracle.dbtools.crest.model.design.relational.Table" directorySegmentName="seg_0" id="1C186246-21B8-261F-140A-3905BDBF0742" name="BOOK_COPY">
<createdBy>LowPC</createdBy>
<createdTime>2024-09-17 04:05:29 UTC</createdTime>
<generatorID>76CEADDF-DF50-3CE4-3CC6-757A7B51546D</generatorID>
<ownerDesignName>rcl_logical</ownerDesignName>
<allowColumnReorder>false</allowColumnReorder>
<existDependencyGenerateInDDl>true</existDependencyGenerateInDDl>
<parsed>true</parsed>
<columns itemClass="oracle.dbtools.crest.model.design.relational.Column">
<Column name="branch_code" id="28F7F18D-3964-5ABF-73E9-B49F0A51310F">
<createdBy>LowPC</createdBy>
<createdTime>2024-09-17 04:05:29 UTC</createdTime>
<commentInRDBMS><![CDATA[Branch Code]]></commentInRDBMS>
<generatorID>0C701E9A-D0D5-A640-D5E3-B866B5C9EC03</generatorID>
<ownerDesignName>rcl_logical</ownerDesignName>
<useDomainConstraints>false</useDomainConstraints>
<use>1</use>
<logicalDatatype>LOGDT019</logicalDatatype>
<dataTypePrecision>3</dataTypePrecision>
<ownDataTypeParameters>,,</ownDataTypeParameters>
<previousColumn>false</previousColumn>
<autoIncrementCycle>false</autoIncrementCycle>
<associations>
<colAssociation fkAssociation="5B0700CA-B834-D329-D132-BA6154B7DDD5" referredColumn="6ADC4C16-89C1-8EB5-7788-6ADAE0D747E4"/>
</associations>
</Column>
<Column name="book_copy_id" id="42969331-4098-ADED-CFC0-DDB049CDA781">
<createdBy>LowPC</createdBy>
<createdTime>2024-09-17 04:05:29 UTC</createdTime>
<commentInRDBMS><![CDATA[Book Copy ID]]></commentInRDBMS>
<generatorID>7C13F294-5255-67FF-EDB0-E2F695727EBB</generatorID>
<ownerDesignName>rcl_logical</ownerDesignName>
<useDomainConstraints>false</useDomainConstraints>
<use>1</use>
<logicalDatatype>LOGDT019</logicalDatatype>
<dataTypePrecision>4</dataTypePrecision>
<ownDataTypeParameters>,4,</ownDataTypeParameters>
<autoIncrementCycle>false</autoIncrementCycle>
</Column>
<Column name="book_copy_status" id="F52E40D4-318F-DE86-F42A-C7E3B120E43A">
<createdBy>LowPC</createdBy>
<createdTime>2024-09-17 04:05:29 UTC</createdTime>
<commentInRDBMS><![CDATA[Book Copy Status (OCR = On Counter Reserve, OLN = On Loan, AFB = Available for Borrowing, STL = Stolen, LOS = Lost, DMG = Damaged)]]></commentInRDBMS>
<generatorID>E6A96005-98ED-A09E-1983-3AB0D9AFAA0D</generatorID>
<ownerDesignName>rcl_logical</ownerDesignName>
<constraintName>chk_book_copy_status</constraintName>
<useDomainConstraints>false</useDomainConstraints>
<use>1</use>
<logicalDatatype>LOGDT025</logicalDatatype>
<dataTypeSize>3</dataTypeSize>
<listOfValues>
<valueDef value="AFB" description="Available for Borrowing"/>
<valueDef value="DMG" description="Damaged"/>
<valueDef value="LOS" description="Lost"/>
<valueDef value="OCR" description="On Counter Reserve"/>
<valueDef value="OLN" description="On Loan"/>
<valueDef value="STL" description="Stolen"/>
</listOfValues>
<ownDataTypeParameters>3,,</ownDataTypeParameters>
<autoIncrementCycle>false</autoIncrementCycle>
</Column>
<Column name="book_copy_purchase_price" id="5F588B97-1204-5FFF-D1FD-B9829F30BFF9">
<createdBy>LowPC</createdBy>
<createdTime>2024-09-17 04:05:29 UTC</createdTime>
<commentInRDBMS><![CDATA[Book Copy Purchase Price]]></commentInRDBMS>
<generatorID>C056D2C1-D337-75CF-82A3-6B18E902A9C7</generatorID>
<ownerDesignName>rcl_logical</ownerDesignName>
<useDomainConstraints>false</useDomainConstraints>
<use>1</use>
<logicalDatatype>LOGDT019</logicalDatatype>
<dataTypePrecision>5</dataTypePrecision>
<dataTypeScale>2</dataTypeScale>
<ownDataTypeParameters>,5,2</ownDataTypeParameters>
<autoIncrementCycle>false</autoIncrementCycle>
</Column>
<Column name="identifier_ISBN" id="76D65D4D-128E-9C2E-B138-32ED18C7B339">
<createdBy>LowPC</createdBy>
<createdTime>2024-09-17 04:05:29 UTC</createdTime>
<commentInRDBMS><![CDATA[Identifier ISBN]]></commentInRDBMS>
<generatorID>9C7FB6C7-3464-6D5D-F3C6-97ABD292A941</generatorID>
<ownerDesignName>rcl_logical</ownerDesignName>
<useDomainConstraints>false</useDomainConstraints>
<use>1</use>
<logicalDatatype>LOGDT019</logicalDatatype>
<dataTypePrecision>13</dataTypePrecision>
<ownDataTypeParameters>,,</ownDataTypeParameters>
<previousColumn>false</previousColumn>
<autoIncrementCycle>false</autoIncrementCycle>
<associations>
<colAssociation fkAssociation="BB7996B6-ADD5-3634-E616-F6CB909E4449" referredColumn="910C9780-2C8F-B3AF-496E-F41BC8835679"/>
</associations>
</Column>
</columns>
<indexes itemClass="oracle.dbtools.crest.model.design.relational.Index">
<ind_PK_UK id="7DDAA7F9-9092-F84C-C7F4-C4E6A14CA350" name="BOOK_COPY_PK">
<createdBy>LowPC</createdBy>
<createdTime>2024-09-17 04:05:29 UTC</createdTime>
<generatorID>9DE41447-EE2C-F68C-E7D0-D9075E365E28</generatorID>
<ownerDesignName>rcl_logical</ownerDesignName>
<pk>true</pk>
<indexState>Primary Constraint</indexState>
<isSurrogateKey>false</isSurrogateKey>
<indexColumnUsage>
<colUsage columnID="42969331-4098-ADED-CFC0-DDB049CDA781"/>
<colUsage columnID="28F7F18D-3964-5ABF-73E9-B49F0A51310F"/>
</indexColumnUsage>
</ind_PK_UK>
<ind_PK_UK id="332F2B47-200B-E9EB-9E7B-0E0A3D3B87C6" name="book_copy_identifier_fk">
<createdBy>LowPC</createdBy>
<createdTime>2024-09-17 04:05:29 UTC</createdTime>
<generatorID>58F5A591-11A6-43CF-8B2D-831BFC8B8297</generatorID>
<ownerDesignName>rcl_logical</ownerDesignName>
<indexState>Foreign Key</indexState>
<isSurrogateKey>false</isSurrogateKey>
<indexColumnUsage>
<colUsage columnID="76D65D4D-128E-9C2E-B138-32ED18C7B339"/>
</indexColumnUsage>
</ind_PK_UK>
<ind_PK_UK id="07D0D8E5-A375-9E7F-A1D1-BAD9CD4FF489" name="branch_book_copy_fk">
<createdBy>LowPC</createdBy>
<createdTime>2024-09-17 04:05:29 UTC</createdTime>
<generatorID>0D5C55D8-0EB6-7D57-03F2-F1CAF2922C5C</generatorID>
<ownerDesignName>rcl_logical</ownerDesignName>
<indexState>Foreign Key</indexState>
<isSurrogateKey>false</isSurrogateKey>
<indexColumnUsage>
<colUsage columnID="28F7F18D-3964-5ABF-73E9-B49F0A51310F"/>
</indexColumnUsage>
</ind_PK_UK>
</indexes>
</Table>
