<?xml version = '1.0' encoding = 'UTF-8'?>
<Table class="oracle.dbtools.crest.model.design.relational.Table" directorySegmentName="seg_0" id="4B3A2E09-3216-D9F9-B53D-1C13E3689BB4" name="CLASS">
<createdBy>LowPC</createdBy>
<createdTime>2024-09-17 04:05:29 UTC</createdTime>
<generatorID>BFBEAA8C-27CB-1EFA-C4A3-BB080886BE2F</generatorID>
<ownerDesignName>rcl_logical</ownerDesignName>
<allowColumnReorder>false</allowColumnReorder>
<existDependencyGenerateInDDl>true</existDependencyGenerateInDDl>
<parsed>true</parsed>
<columns itemClass="oracle.dbtools.crest.model.design.relational.Column">
<Column name="class_type" id="8A936A91-4003-B06E-9E7E-E8D517379A81">
<createdBy>LowPC</createdBy>
<createdTime>2024-09-17 04:05:29 UTC</createdTime>
<commentInRDBMS><![CDATA[Class Type ( A= Adults, C = Child, O = Organisation)]]></commentInRDBMS>
<generatorID>227AD883-D99D-13CE-DC2E-717350B03377</generatorID>
<ownerDesignName>rcl_logical</ownerDesignName>
<constraintName>chk_class_type</constraintName>
<useDomainConstraints>false</useDomainConstraints>
<use>1</use>
<logicalDatatype>LOGDT025</logicalDatatype>
<dataTypeSize>1</dataTypeSize>
<listOfValues>
<valueDef value="A" description="Adult"/>
<valueDef value="C" description="Child"/>
<valueDef value="O" description="Organisation"/>
</listOfValues>
<ownDataTypeParameters>1,,</ownDataTypeParameters>
<autoIncrementCycle>false</autoIncrementCycle>
</Column>
<Column name="class_no_allowed_books" id="EC645C26-EB40-0E95-CE0C-6E93AE3BF236">
<createdBy>LowPC</createdBy>
<createdTime>2024-09-17 04:05:29 UTC</createdTime>
<commentInRDBMS><![CDATA[Number of Allowed Books of the Class]]></commentInRDBMS>
<generatorID>796FC091-95AA-D124-1218-17FF512BCD27</generatorID>
<ownerDesignName>rcl_logical</ownerDesignName>
<useDomainConstraints>false</useDomainConstraints>
<use>1</use>
<logicalDatatype>LOGDT019</logicalDatatype>
<dataTypePrecision>2</dataTypePrecision>
<ownDataTypeParameters>,2,</ownDataTypeParameters>
<autoIncrementCycle>false</autoIncrementCycle>
</Column>
<Column name="class_standard_loan_period" id="0FC39B07-540D-ECEB-EE5A-392F5962F7C7">
<createdBy>LowPC</createdBy>
<createdTime>2024-09-17 04:05:29 UTC</createdTime>
<commentInRDBMS><![CDATA[Standard Loan Period of the Class (number of days a book can be borrowed)]]></commentInRDBMS>
<generatorID>BCFB3952-5E4E-DB9B-7AF9-A38D1505784F</generatorID>
<ownerDesignName>rcl_logical</ownerDesignName>
<useDomainConstraints>false</useDomainConstraints>
<use>1</use>
<logicalDatatype>LOGDT019</logicalDatatype>
<dataTypePrecision>2</dataTypePrecision>
<ownDataTypeParameters>,2,</ownDataTypeParameters>
<autoIncrementCycle>false</autoIncrementCycle>
</Column>
</columns>
<indexes itemClass="oracle.dbtools.crest.model.design.relational.Index">
<ind_PK_UK id="F6293A0F-87D9-67A4-2FC0-7F1141D23379" name="CLASS_PK">
<createdBy>LowPC</createdBy>
<createdTime>2024-09-17 04:05:29 UTC</createdTime>
<generatorID>811BB579-F924-D334-547F-BF46BB8ECA69</generatorID>
<ownerDesignName>rcl_logical</ownerDesignName>
<pk>true</pk>
<indexState>Primary Constraint</indexState>
<isSurrogateKey>false</isSurrogateKey>
<indexColumnUsage>
<colUsage columnID="8A936A91-4003-B06E-9E7E-E8D517379A81"/>
</indexColumnUsage>
</ind_PK_UK>
</indexes>
</Table>
