<?xml version = '1.0' encoding = 'UTF-8'?>
<Table class="oracle.dbtools.crest.model.design.relational.Table" directorySegmentName="seg_0" id="50382451-61C4-CC71-C8A3-AB4429247567" name="CATALOGUE_SUBJECT">
<createdBy>LowPC</createdBy>
<createdTime>2024-09-17 04:05:29 UTC</createdTime>
<generatorID>D7CCFC9F-97CF-85B9-17FE-EAE968765820</generatorID>
<ownerDesignName>rcl_logical</ownerDesignName>
<allowColumnReorder>false</allowColumnReorder>
<existDependencyGenerateInDDl>true</existDependencyGenerateInDDl>
<parsed>true</parsed>
<columns itemClass="oracle.dbtools.crest.model.design.relational.Column">
<Column name="catalogue_call_no" id="608E5083-B87B-3E16-6A03-C2C2600223D6">
<createdBy>LowPC</createdBy>
<createdTime>2024-09-17 04:05:29 UTC</createdTime>
<commentInRDBMS><![CDATA[Catalogue Call Number]]></commentInRDBMS>
<generatorID>C818A557-8125-878B-0462-93AAA9BE601D</generatorID>
<ownerDesignName>rcl_logical</ownerDesignName>
<useDomainConstraints>false</useDomainConstraints>
<use>1</use>
<logicalDatatype>LOGDT024</logicalDatatype>
<dataTypeSize>25</dataTypeSize>
<ownDataTypeParameters>,,</ownDataTypeParameters>
<previousColumn>false</previousColumn>
<autoIncrementCycle>false</autoIncrementCycle>
<associations>
<colAssociation fkAssociation="736DC36B-8F2D-2465-90D6-0CFC5763FBB5" referredColumn="3AC1F9A3-781F-EB67-A0E9-0A8D59798AC4"/>
</associations>
</Column>
<Column name="subject_id" id="9D5FCE84-745A-62CC-8C8B-B33159BBA636">
<createdBy>LowPC</createdBy>
<createdTime>2024-09-17 04:05:29 UTC</createdTime>
<commentInRDBMS><![CDATA[Subejct ID]]></commentInRDBMS>
<generatorID>3A4756D5-B776-DD82-C5BB-F0DAA190C840</generatorID>
<ownerDesignName>rcl_logical</ownerDesignName>
<useDomainConstraints>false</useDomainConstraints>
<use>1</use>
<logicalDatatype>LOGDT019</logicalDatatype>
<dataTypePrecision>4</dataTypePrecision>
<ownDataTypeParameters>,,</ownDataTypeParameters>
<previousColumn>false</previousColumn>
<autoIncrementCycle>false</autoIncrementCycle>
<associations>
<colAssociation fkAssociation="D4AA8B0B-BDDB-3EB6-8E40-EE666BFF202A" referredColumn="58A2EE87-7E91-06F9-E3A8-566D5E563B16"/>
</associations>
</Column>
</columns>
<indexes itemClass="oracle.dbtools.crest.model.design.relational.Index">
<ind_PK_UK id="2A08DE8D-48CA-3EA0-7B41-16925207193D" name="CATALOGUE_SUBJECT_PK">
<createdBy>LowPC</createdBy>
<createdTime>2024-09-17 04:05:29 UTC</createdTime>
<generatorID>5CA98178-4FBA-06E2-63A8-0B57BEB92CE6</generatorID>
<ownerDesignName>rcl_logical</ownerDesignName>
<pk>true</pk>
<indexState>Primary Constraint</indexState>
<isSurrogateKey>false</isSurrogateKey>
<indexColumnUsage>
<colUsage columnID="608E5083-B87B-3E16-6A03-C2C2600223D6"/>
<colUsage columnID="9D5FCE84-745A-62CC-8C8B-B33159BBA636"/>
</indexColumnUsage>
</ind_PK_UK>
<ind_PK_UK id="5DB6DF20-3318-4C8D-BC16-0D52D91F3B6A" name="catalogue_catalogue_subject_fk">
<createdBy>LowPC</createdBy>
<createdTime>2024-09-17 04:05:29 UTC</createdTime>
<generatorID>0EE07717-9311-4D34-55EE-32ED783B1A16</generatorID>
<ownerDesignName>rcl_logical</ownerDesignName>
<indexState>Foreign Key</indexState>
<isSurrogateKey>false</isSurrogateKey>
<indexColumnUsage>
<colUsage columnID="608E5083-B87B-3E16-6A03-C2C2600223D6"/>
</indexColumnUsage>
</ind_PK_UK>
<ind_PK_UK id="9EC83A01-FBCF-C978-210C-D42CCF99DA9D" name="subject_catalogue_subject_fk">
<createdBy>LowPC</createdBy>
<createdTime>2024-09-17 04:05:29 UTC</createdTime>
<generatorID>81C7620B-1EA8-4240-AC2E-58F4F64DD912</generatorID>
<ownerDesignName>rcl_logical</ownerDesignName>
<indexState>Foreign Key</indexState>
<isSurrogateKey>false</isSurrogateKey>
<indexColumnUsage>
<colUsage columnID="9D5FCE84-745A-62CC-8C8B-B33159BBA636"/>
</indexColumnUsage>
</ind_PK_UK>
</indexes>
</Table>
