<?xml version = '1.0' encoding = 'UTF-8'?>
<Table class="oracle.dbtools.crest.model.design.relational.Table" directorySegmentName="seg_0" id="6B78657E-D78E-666F-E459-4ADC8DC07120" name="SUBJECT">
<createdBy>LowPC</createdBy>
<createdTime>2024-09-17 04:05:29 UTC</createdTime>
<generatorID>56FF4003-0DBB-7936-C16D-A36CD199FF8B</generatorID>
<ownerDesignName>rcl_logical</ownerDesignName>
<allowColumnReorder>false</allowColumnReorder>
<existDependencyGenerateInDDl>true</existDependencyGenerateInDDl>
<parsed>true</parsed>
<columns itemClass="oracle.dbtools.crest.model.design.relational.Column">
<Column name="subject_id" id="58A2EE87-7E91-06F9-E3A8-566D5E563B16">
<createdBy>LowPC</createdBy>
<createdTime>2024-09-17 04:05:29 UTC</createdTime>
<commentInRDBMS><![CDATA[Subejct ID]]></commentInRDBMS>
<generatorID>9A4F17C5-9CB3-D8FB-6867-4CE5C56D6D92</generatorID>
<ownerDesignName>rcl_logical</ownerDesignName>
<useDomainConstraints>false</useDomainConstraints>
<use>1</use>
<logicalDatatype>LOGDT019</logicalDatatype>
<dataTypePrecision>4</dataTypePrecision>
<ownDataTypeParameters>,4,</ownDataTypeParameters>
<autoIncrementCycle>false</autoIncrementCycle>
</Column>
<Column name="subject_desc" id="C70262B9-BB32-CDC7-751A-9F746C708BBA">
<createdBy>LowPC</createdBy>
<createdTime>2024-09-17 04:05:29 UTC</createdTime>
<commentInRDBMS><![CDATA[Subject Description]]></commentInRDBMS>
<generatorID>73B4E98F-9A52-84BB-1222-B892E9890E92</generatorID>
<ownerDesignName>rcl_logical</ownerDesignName>
<useDomainConstraints>false</useDomainConstraints>
<use>1</use>
<logicalDatatype>LOGDT024</logicalDatatype>
<dataTypeSize>50</dataTypeSize>
<ownDataTypeParameters>50,,</ownDataTypeParameters>
<autoIncrementCycle>false</autoIncrementCycle>
</Column>
</columns>
<indexes itemClass="oracle.dbtools.crest.model.design.relational.Index">
<ind_PK_UK id="D1F4C44A-68D6-76FB-E169-6991F3CB8BF3" name="SUBJECT_PK">
<createdBy>LowPC</createdBy>
<createdTime>2024-09-17 04:05:29 UTC</createdTime>
<generatorID>CB274557-CC73-C8D0-2532-3A38F1B82C7F</generatorID>
<ownerDesignName>rcl_logical</ownerDesignName>
<pk>true</pk>
<indexState>Primary Constraint</indexState>
<isSurrogateKey>false</isSurrogateKey>
<indexColumnUsage>
<colUsage columnID="58A2EE87-7E91-06F9-E3A8-566D5E563B16"/>
</indexColumnUsage>
</ind_PK_UK>
</indexes>
</Table>
