<?xml version = '1.0' encoding = 'UTF-8'?>
<Table class="oracle.dbtools.crest.model.design.relational.Table" directorySegmentName="seg_0" id="7701D979-ACB6-F870-5D39-221CCAEE3193" name="MANAGER">
<createdBy>LowPC</createdBy>
<createdTime>2024-09-17 04:05:29 UTC</createdTime>
<generatorID>11DF786F-6E61-E787-28CA-695E49857367</generatorID>
<ownerDesignName>rcl_logical</ownerDesignName>
<allowColumnReorder>false</allowColumnReorder>
<existDependencyGenerateInDDl>true</existDependencyGenerateInDDl>
<parsed>true</parsed>
<columns itemClass="oracle.dbtools.crest.model.design.relational.Column">
<Column name="manager_id" id="052BF031-2785-3D3E-BAC6-C5FFC19536E9">
<createdBy>LowPC</createdBy>
<createdTime>2024-09-17 04:05:29 UTC</createdTime>
<commentInRDBMS><![CDATA[Manager ID]]></commentInRDBMS>
<generatorID>8EAC4B8F-945E-8DA5-CEBB-0F3CCBA7A9EA</generatorID>
<ownerDesignName>rcl_logical</ownerDesignName>
<useDomainConstraints>false</useDomainConstraints>
<use>1</use>
<logicalDatatype>LOGDT019</logicalDatatype>
<dataTypePrecision>3</dataTypePrecision>
<ownDataTypeParameters>,3,</ownDataTypeParameters>
<autoIncrementCycle>false</autoIncrementCycle>
</Column>
<Column name="manager_fname" id="1C6312C4-AFC2-BA78-1EBF-FF87E33038C7">
<createdBy>LowPC</createdBy>
<createdTime>2024-09-17 04:05:29 UTC</createdTime>
<commentInRDBMS><![CDATA[Manager First Name]]></commentInRDBMS>
<generatorID>84FF9A6C-A4C8-7A6C-F19F-89A9044C9155</generatorID>
<ownerDesignName>rcl_logical</ownerDesignName>
<useDomainConstraints>false</useDomainConstraints>
<use>1</use>
<logicalDatatype>LOGDT024</logicalDatatype>
<dataTypeSize>20</dataTypeSize>
<ownDataTypeParameters>20,,</ownDataTypeParameters>
<autoIncrementCycle>false</autoIncrementCycle>
</Column>
<Column name="manager_lname" id="82A98FD5-6382-3DA2-D88F-B50A21DE67A6">
<createdBy>LowPC</createdBy>
<createdTime>2024-09-17 04:05:29 UTC</createdTime>
<commentInRDBMS><![CDATA[Manager Last Name]]></commentInRDBMS>
<generatorID>644F6D37-0ECF-BECD-496C-A1244528B3DD</generatorID>
<ownerDesignName>rcl_logical</ownerDesignName>
<useDomainConstraints>false</useDomainConstraints>
<use>1</use>
<logicalDatatype>LOGDT024</logicalDatatype>
<dataTypeSize>20</dataTypeSize>
<ownDataTypeParameters>20,,</ownDataTypeParameters>
<autoIncrementCycle>false</autoIncrementCycle>
</Column>
<Column name="manager_phone_no" id="9881BFCA-8B87-D44B-1650-3B9338FC79AD">
<createdBy>LowPC</createdBy>
<createdTime>2024-09-17 04:05:29 UTC</createdTime>
<commentInRDBMS><![CDATA[Manager Phone Number]]></commentInRDBMS>
<generatorID>7B2A8989-6F4F-368B-25E3-27E1D2967511</generatorID>
<ownerDesignName>rcl_logical</ownerDesignName>
<useDomainConstraints>false</useDomainConstraints>
<use>1</use>
<logicalDatatype>LOGDT025</logicalDatatype>
<dataTypeSize>10</dataTypeSize>
<ownDataTypeParameters>10,,</ownDataTypeParameters>
<autoIncrementCycle>false</autoIncrementCycle>
</Column>
<Column name="branch_code" id="19130445-447C-6498-B2ED-AFC1DC1AAA8F">
<createdBy>LowPC</createdBy>
<createdTime>2024-09-17 04:05:29 UTC</createdTime>
<commentInRDBMS><![CDATA[Branch Code]]></commentInRDBMS>
<generatorID>52EF35ED-8FED-EC87-1AEF-DDCE8ABFF880</generatorID>
<ownerDesignName>rcl_logical</ownerDesignName>
<useDomainConstraints>false</useDomainConstraints>
<use>1</use>
<logicalDatatype>LOGDT019</logicalDatatype>
<dataTypePrecision>3</dataTypePrecision>
<ownDataTypeParameters>,,</ownDataTypeParameters>
<previousColumn>false</previousColumn>
<autoIncrementCycle>false</autoIncrementCycle>
<associations>
<colAssociation fkAssociation="CCD905EF-02F7-7D24-BC76-EF8E4957364A" referredColumn="6ADC4C16-89C1-8EB5-7788-6ADAE0D747E4"/>
</associations>
</Column>
</columns>
<indexes itemClass="oracle.dbtools.crest.model.design.relational.Index">
<ind_PK_UK id="A57A7EFC-B410-8B8D-59BD-CF78E298B664" name="MANAGER_PK">
<createdBy>LowPC</createdBy>
<createdTime>2024-09-17 04:05:29 UTC</createdTime>
<generatorID>0F1F9160-D98F-C976-C902-E51A897FD0CD</generatorID>
<ownerDesignName>rcl_logical</ownerDesignName>
<pk>true</pk>
<indexState>Primary Constraint</indexState>
<isSurrogateKey>false</isSurrogateKey>
<indexColumnUsage>
<colUsage columnID="052BF031-2785-3D3E-BAC6-C5FFC19536E9"/>
</indexColumnUsage>
</ind_PK_UK>
<ind_PK_UK id="A792E344-A8E6-8E89-1388-4B1BEDF4E32B" name="MANAGER__IDX">
<createdBy>LowPC</createdBy>
<createdTime>2024-09-17 04:05:29 UTC</createdTime>
<ownerDesignName>rcl_logical</ownerDesignName>
<indexState>Unique Plain Index</indexState>
<isSurrogateKey>false</isSurrogateKey>
<relationGeneratorID>15931119-98A5-31C1-DF3C-417E9736A390</relationGeneratorID>
<indexColumnUsage>
<colUsage columnID="19130445-447C-6498-B2ED-AFC1DC1AAA8F"/>
</indexColumnUsage>
</ind_PK_UK>
<ind_PK_UK id="F9B2A21D-094B-631B-997D-6C50004B06CA" name="branch_manager_fk">
<createdBy>LowPC</createdBy>
<createdTime>2024-09-17 04:05:29 UTC</createdTime>
<generatorID>15931119-98A5-31C1-DF3C-417E9736A390</generatorID>
<ownerDesignName>rcl_logical</ownerDesignName>
<indexState>Foreign Key</indexState>
<isSurrogateKey>false</isSurrogateKey>
<indexColumnUsage>
<colUsage columnID="19130445-447C-6498-B2ED-AFC1DC1AAA8F"/>
</indexColumnUsage>
</ind_PK_UK>
</indexes>
</Table>
