<?xml version = '1.0' encoding = 'UTF-8'?>
<Table class="oracle.dbtools.crest.model.design.relational.Table" directorySegmentName="seg_0" id="801D6BA1-F452-FA1A-0458-CDE3F7DE332E" name="BORROWER">
<createdBy>LowPC</createdBy>
<createdTime>2024-09-17 04:05:29 UTC</createdTime>
<generatorID>A7457C38-3418-BF36-D450-8C7456733FD9</generatorID>
<ownerDesignName>rcl_logical</ownerDesignName>
<allowColumnReorder>false</allowColumnReorder>
<existDependencyGenerateInDDl>true</existDependencyGenerateInDDl>
<parsed>true</parsed>
<columns itemClass="oracle.dbtools.crest.model.design.relational.Column">
<Column name="borrower_no" id="44B87148-80C4-3956-7109-5369A0C06BE5">
<createdBy>LowPC</createdBy>
<createdTime>2024-09-17 04:05:29 UTC</createdTime>
<commentInRDBMS><![CDATA[Borrower Number]]></commentInRDBMS>
<generatorID>F5844489-E161-2576-66E1-24BFEF428CFE</generatorID>
<ownerDesignName>rcl_logical</ownerDesignName>
<useDomainConstraints>false</useDomainConstraints>
<use>1</use>
<logicalDatatype>LOGDT019</logicalDatatype>
<dataTypePrecision>4</dataTypePrecision>
<ownDataTypeParameters>,4,</ownDataTypeParameters>
<autoIncrementCycle>false</autoIncrementCycle>
</Column>
<Column name="borrower_fname" id="FCA277A3-B45B-DAC8-85F3-3EABEAE8F521">
<createdBy>LowPC</createdBy>
<createdTime>2024-09-17 04:05:29 UTC</createdTime>
<commentInRDBMS><![CDATA[Borrower First Name]]></commentInRDBMS>
<generatorID>18D24B5C-1014-F575-16F2-71207C936B43</generatorID>
<ownerDesignName>rcl_logical</ownerDesignName>
<useDomainConstraints>false</useDomainConstraints>
<use>1</use>
<logicalDatatype>LOGDT024</logicalDatatype>
<dataTypeSize>20</dataTypeSize>
<ownDataTypeParameters>20,,</ownDataTypeParameters>
<autoIncrementCycle>false</autoIncrementCycle>
</Column>
<Column name="borrower_lname" id="56564E12-6839-79A7-D849-FEE8D7EBBB34">
<createdBy>LowPC</createdBy>
<createdTime>2024-09-17 04:05:29 UTC</createdTime>
<commentInRDBMS><![CDATA[Borrower Last Name]]></commentInRDBMS>
<generatorID>766D7709-183A-656F-C447-4716BE8B7EFF</generatorID>
<ownerDesignName>rcl_logical</ownerDesignName>
<useDomainConstraints>false</useDomainConstraints>
<use>1</use>
<logicalDatatype>LOGDT024</logicalDatatype>
<dataTypeSize>20</dataTypeSize>
<ownDataTypeParameters>20,,</ownDataTypeParameters>
<autoIncrementCycle>false</autoIncrementCycle>
</Column>
<Column name="borrower_street" id="5060B13C-5D66-C9D8-F53A-611EF9EEBA09">
<createdBy>LowPC</createdBy>
<createdTime>2024-09-17 04:05:29 UTC</createdTime>
<commentInRDBMS><![CDATA[Borrower Street Number and Name]]></commentInRDBMS>
<generatorID>CD68FFD8-7761-81A2-EB86-C724D09514A4</generatorID>
<ownerDesignName>rcl_logical</ownerDesignName>
<useDomainConstraints>false</useDomainConstraints>
<use>1</use>
<logicalDatatype>LOGDT024</logicalDatatype>
<dataTypeSize>40</dataTypeSize>
<ownDataTypeParameters>40,,</ownDataTypeParameters>
<autoIncrementCycle>false</autoIncrementCycle>
</Column>
<Column name="borrower_city" id="FE9215D5-590B-927D-175B-C26E953F31BA">
<createdBy>LowPC</createdBy>
<createdTime>2024-09-17 04:05:29 UTC</createdTime>
<commentInRDBMS><![CDATA[Borrower Suburb]]></commentInRDBMS>
<generatorID>C6B40374-48D3-C0EF-86EE-871940487973</generatorID>
<ownerDesignName>rcl_logical</ownerDesignName>
<useDomainConstraints>false</useDomainConstraints>
<use>1</use>
<logicalDatatype>LOGDT024</logicalDatatype>
<dataTypeSize>30</dataTypeSize>
<ownDataTypeParameters>30,,</ownDataTypeParameters>
<autoIncrementCycle>false</autoIncrementCycle>
</Column>
<Column name="borrower_state" id="85C35B05-8A94-B0AB-8DF9-D09428A74E97">
<createdBy>LowPC</createdBy>
<createdTime>2024-09-17 04:05:29 UTC</createdTime>
<commentInRDBMS><![CDATA[Borrower State (VIC = Victoria, NSW = New South Wales, QLD = Queensland, NT = Northern Territory, WA = Western Australia, SA = South Australia, TAS = Tasmania, ACT = Australian Capital Territory)]]></commentInRDBMS>
<generatorID>F5F76A7E-D381-B96C-E270-4CB8F55D13D9</generatorID>
<ownerDesignName>rcl_logical</ownerDesignName>
<constraintName>chk_borrower_state</constraintName>
<useDomainConstraints>false</useDomainConstraints>
<use>1</use>
<logicalDatatype>LOGDT025</logicalDatatype>
<dataTypeSize>3</dataTypeSize>
<listOfValues>
<valueDef value="ACT" description="Australian Capital Territory"/>
<valueDef value="NSW" description="New South Wales"/>
<valueDef value="NT" description="Northern Territory"/>
<valueDef value="QLD" description="Queensland"/>
<valueDef value="SA" description="South Australia"/>
<valueDef value="TAS" description="Tasmania"/>
<valueDef value="VIC" description="Victoria"/>
<valueDef value="WA" description="Western Australia"/>
</listOfValues>
<ownDataTypeParameters>3,,</ownDataTypeParameters>
<autoIncrementCycle>false</autoIncrementCycle>
</Column>
<Column name="borrower_postcode" id="C9CB47E8-DBD5-FC2F-DB8E-96AE3C822456">
<createdBy>LowPC</createdBy>
<createdTime>2024-09-17 04:05:29 UTC</createdTime>
<commentInRDBMS><![CDATA[Borrower Postcode]]></commentInRDBMS>
<generatorID>05517397-BE14-EBAB-BAB5-A0F5CD6FCE5E</generatorID>
<ownerDesignName>rcl_logical</ownerDesignName>
<useDomainConstraints>false</useDomainConstraints>
<use>1</use>
<logicalDatatype>LOGDT025</logicalDatatype>
<dataTypeSize>4</dataTypeSize>
<ownDataTypeParameters>4,,</ownDataTypeParameters>
<autoIncrementCycle>false</autoIncrementCycle>
</Column>
<Column name="borrower_phone_no" id="80991A7E-0EEF-D721-D9AB-6C4A9D9F2192">
<createdBy>LowPC</createdBy>
<createdTime>2024-09-17 04:05:29 UTC</createdTime>
<commentInRDBMS><![CDATA[Borrower's Phone Number]]></commentInRDBMS>
<generatorID>76634608-B416-8D58-DEA7-98DB1A723749</generatorID>
<ownerDesignName>rcl_logical</ownerDesignName>
<nullsAllowed>true</nullsAllowed>
<useDomainConstraints>false</useDomainConstraints>
<use>1</use>
<logicalDatatype>LOGDT025</logicalDatatype>
<dataTypeSize>10</dataTypeSize>
<ownDataTypeParameters>10,,</ownDataTypeParameters>
<autoIncrementCycle>false</autoIncrementCycle>
</Column>
<Column name="borrower_status" id="6CCAD71C-2D46-7412-58E1-00BEBE6AE487">
<createdBy>LowPC</createdBy>
<createdTime>2024-09-17 04:05:29 UTC</createdTime>
<commentInRDBMS><![CDATA[Borrower's Status (P=Permitted, B=Banned)]]></commentInRDBMS>
<generatorID>FAFA0BF1-8B4C-05C0-42CB-BDE6933FCF71</generatorID>
<ownerDesignName>rcl_logical</ownerDesignName>
<constraintName>chk_borrower_status</constraintName>
<useDomainConstraints>false</useDomainConstraints>
<use>1</use>
<logicalDatatype>LOGDT025</logicalDatatype>
<dataTypeSize>1</dataTypeSize>
<listOfValues>
<valueDef value="B" description="Banned"/>
<valueDef value="P" description="Permitted"/>
</listOfValues>
<ownDataTypeParameters>1,,</ownDataTypeParameters>
<autoIncrementCycle>false</autoIncrementCycle>
</Column>
<Column name="branch_code" id="7D690FF4-3CBA-3B06-48D8-C388DBDE2630">
<createdBy>LowPC</createdBy>
<createdTime>2024-09-17 04:05:29 UTC</createdTime>
<commentInRDBMS><![CDATA[Branch Code]]></commentInRDBMS>
<generatorID>5771BF43-360B-453E-9DFC-8E390C645C31</generatorID>
<ownerDesignName>rcl_logical</ownerDesignName>
<useDomainConstraints>false</useDomainConstraints>
<use>1</use>
<logicalDatatype>LOGDT019</logicalDatatype>
<dataTypePrecision>3</dataTypePrecision>
<ownDataTypeParameters>,,</ownDataTypeParameters>
<previousColumn>false</previousColumn>
<autoIncrementCycle>false</autoIncrementCycle>
<associations>
<colAssociation fkAssociation="C9A3B39E-CB29-13A0-3E4A-EFFA68F7DC42" referredColumn="6ADC4C16-89C1-8EB5-7788-6ADAE0D747E4"/>
</associations>
</Column>
<Column name="class_type" id="EDD8FCDB-701E-0811-3710-34C03FF4B1DC">
<createdBy>LowPC</createdBy>
<createdTime>2024-09-17 04:05:29 UTC</createdTime>
<commentInRDBMS><![CDATA[Class Type ( A= Adults, C = Child, O = Organisation)]]></commentInRDBMS>
<generatorID>B2DEC9BD-EEF2-9E05-19F7-CB5F3F7BACCF</generatorID>
<ownerDesignName>rcl_logical</ownerDesignName>
<useDomainConstraints>false</useDomainConstraints>
<use>1</use>
<logicalDatatype>LOGDT025</logicalDatatype>
<dataTypeSize>1</dataTypeSize>
<ownDataTypeParameters>,,</ownDataTypeParameters>
<previousColumn>false</previousColumn>
<autoIncrementCycle>false</autoIncrementCycle>
<associations>
<colAssociation fkAssociation="D2965FD2-6925-8244-7A32-578072B59F77" referredColumn="8A936A91-4003-B06E-9E7E-E8D517379A81"/>
</associations>
</Column>
</columns>
<indexes itemClass="oracle.dbtools.crest.model.design.relational.Index">
<ind_PK_UK id="AC4175C7-DA55-DA98-2145-074B915CBF3C" name="BORROWER_PK">
<createdBy>LowPC</createdBy>
<createdTime>2024-09-17 04:05:29 UTC</createdTime>
<generatorID>18B3C5FB-E026-C200-4316-B9D0C50B4E0C</generatorID>
<ownerDesignName>rcl_logical</ownerDesignName>
<pk>true</pk>
<indexState>Primary Constraint</indexState>
<isSurrogateKey>false</isSurrogateKey>
<indexColumnUsage>
<colUsage columnID="44B87148-80C4-3956-7109-5369A0C06BE5"/>
</indexColumnUsage>
</ind_PK_UK>
<ind_PK_UK id="68CB680D-8607-B2EE-A39D-8DEEAF083342" name="branch_borrower_fk">
<createdBy>LowPC</createdBy>
<createdTime>2024-09-17 04:05:29 UTC</createdTime>
<generatorID>1CA1690E-2F64-1921-0A1D-332C32206F42</generatorID>
<ownerDesignName>rcl_logical</ownerDesignName>
<indexState>Foreign Key</indexState>
<isSurrogateKey>false</isSurrogateKey>
<indexColumnUsage>
<colUsage columnID="7D690FF4-3CBA-3B06-48D8-C388DBDE2630"/>
</indexColumnUsage>
</ind_PK_UK>
<ind_PK_UK id="B028DCBA-5F68-4AD2-1F00-97B9F1AD7F2F" name="class_borrower_fk">
<createdBy>LowPC</createdBy>
<createdTime>2024-09-17 04:05:29 UTC</createdTime>
<generatorID>81F3ED01-31D4-4781-E1C4-526035EC9A46</generatorID>
<ownerDesignName>rcl_logical</ownerDesignName>
<indexState>Foreign Key</indexState>
<isSurrogateKey>false</isSurrogateKey>
<indexColumnUsage>
<colUsage columnID="EDD8FCDB-701E-0811-3710-34C03FF4B1DC"/>
</indexColumnUsage>
</ind_PK_UK>
</indexes>
</Table>
