<?xml version = '1.0' encoding = 'UTF-8'?>
<Table class="oracle.dbtools.crest.model.design.relational.Table" directorySegmentName="seg_0" id="8153EEAB-19C9-8952-221A-47C510D3E8D2" name="IDENTIFIER">
<createdBy>LowPC</createdBy>
<createdTime>2024-09-17 04:05:29 UTC</createdTime>
<generatorID>FC52C165-9E6D-56F7-107B-D327770B2E37</generatorID>
<ownerDesignName>rcl_logical</ownerDesignName>
<allowColumnReorder>false</allowColumnReorder>
<existDependencyGenerateInDDl>true</existDependencyGenerateInDDl>
<parsed>true</parsed>
<columns itemClass="oracle.dbtools.crest.model.design.relational.Column">
<Column name="identifier_ISBN" id="910C9780-2C8F-B3AF-496E-F41BC8835679">
<createdBy>LowPC</createdBy>
<createdTime>2024-09-17 04:05:29 UTC</createdTime>
<commentInRDBMS><![CDATA[Identifier ISBN]]></commentInRDBMS>
<generatorID>67F7BFC9-2C56-832E-951B-2A378467BD53</generatorID>
<ownerDesignName>rcl_logical</ownerDesignName>
<useDomainConstraints>false</useDomainConstraints>
<use>1</use>
<logicalDatatype>LOGDT019</logicalDatatype>
<dataTypePrecision>13</dataTypePrecision>
<ownDataTypeParameters>,13,</ownDataTypeParameters>
<autoIncrementCycle>false</autoIncrementCycle>
</Column>
<Column name="identifier_book_type" id="49A9BC8C-91F1-75A8-347B-9538A7D2C416">
<createdBy>LowPC</createdBy>
<createdTime>2024-09-17 04:05:29 UTC</createdTime>
<commentInRDBMS><![CDATA[Identifier Book Type (HC = Hardcover, LL = Loose Leaf)]]></commentInRDBMS>
<generatorID>474497D6-8ABE-5050-0D9E-E1C5E105C570</generatorID>
<ownerDesignName>rcl_logical</ownerDesignName>
<constraintName>chk_identifier_book_type</constraintName>
<useDomainConstraints>false</useDomainConstraints>
<use>1</use>
<logicalDatatype>LOGDT025</logicalDatatype>
<dataTypeSize>2</dataTypeSize>
<listOfValues>
<valueDef value="HC" description="Hardcover"/>
<valueDef value="LL" description="Loose Leaf"/>
</listOfValues>
<ownDataTypeParameters>2,,</ownDataTypeParameters>
<autoIncrementCycle>false</autoIncrementCycle>
</Column>
<Column name="catalogue_call_no" id="7D7CB648-BB22-5BDC-EBC3-D4B741E1DADF">
<createdBy>LowPC</createdBy>
<createdTime>2024-09-17 04:05:29 UTC</createdTime>
<commentInRDBMS><![CDATA[Catalogue Call Number]]></commentInRDBMS>
<generatorID>8EBC58AF-A476-F909-AF24-78D5556D94C6</generatorID>
<ownerDesignName>rcl_logical</ownerDesignName>
<useDomainConstraints>false</useDomainConstraints>
<use>1</use>
<logicalDatatype>LOGDT024</logicalDatatype>
<dataTypeSize>25</dataTypeSize>
<ownDataTypeParameters>,,</ownDataTypeParameters>
<previousColumn>false</previousColumn>
<autoIncrementCycle>false</autoIncrementCycle>
<associations>
<colAssociation fkAssociation="5B9B4A40-BC93-A540-317C-449F0356C485" referredColumn="3AC1F9A3-781F-EB67-A0E9-0A8D59798AC4"/>
</associations>
</Column>
</columns>
<indexes itemClass="oracle.dbtools.crest.model.design.relational.Index">
<ind_PK_UK id="B47FC480-D994-B7BB-DB04-BC94EF86C376" name="IDENTIFIER_PK">
<createdBy>LowPC</createdBy>
<createdTime>2024-09-17 04:05:29 UTC</createdTime>
<generatorID>27FC230F-00B0-1938-4557-B512A7FED4B2</generatorID>
<ownerDesignName>rcl_logical</ownerDesignName>
<pk>true</pk>
<indexState>Primary Constraint</indexState>
<isSurrogateKey>false</isSurrogateKey>
<indexColumnUsage>
<colUsage columnID="910C9780-2C8F-B3AF-496E-F41BC8835679"/>
</indexColumnUsage>
</ind_PK_UK>
<ind_PK_UK id="CEDBD5C4-A24C-4B97-C9AB-E92E1442D502" name="catalogue_identifier_fk">
<createdBy>LowPC</createdBy>
<createdTime>2024-09-17 04:05:29 UTC</createdTime>
<generatorID>50825328-EBC1-6B91-ADEB-A444B2F1BB0F</generatorID>
<ownerDesignName>rcl_logical</ownerDesignName>
<indexState>Foreign Key</indexState>
<isSurrogateKey>false</isSurrogateKey>
<indexColumnUsage>
<colUsage columnID="7D7CB648-BB22-5BDC-EBC3-D4B741E1DADF"/>
</indexColumnUsage>
</ind_PK_UK>
</indexes>
</Table>
