<?xml version = '1.0' encoding = 'UTF-8'?>
<Table class="oracle.dbtools.crest.model.design.relational.Table" directorySegmentName="seg_0" id="92A89C3A-8DBA-77E7-43E5-AF4DED6B548B" name="CATALOGUE">
<createdBy>LowPC</createdBy>
<createdTime>2024-09-17 04:05:29 UTC</createdTime>
<generatorID>C446A498-D26C-19C9-A79E-7294DBCA8115</generatorID>
<ownerDesignName>rcl_logical</ownerDesignName>
<allowColumnReorder>false</allowColumnReorder>
<existDependencyGenerateInDDl>true</existDependencyGenerateInDDl>
<parsed>true</parsed>
<columns itemClass="oracle.dbtools.crest.model.design.relational.Column">
<Column name="catalogue_call_no" id="3AC1F9A3-781F-EB67-A0E9-0A8D59798AC4">
<createdBy>LowPC</createdBy>
<createdTime>2024-09-17 04:05:29 UTC</createdTime>
<commentInRDBMS><![CDATA[Catalogue Call Number]]></commentInRDBMS>
<generatorID>DB222B30-884C-66D6-AD8C-534F382F94F9</generatorID>
<ownerDesignName>rcl_logical</ownerDesignName>
<useDomainConstraints>false</useDomainConstraints>
<use>1</use>
<logicalDatatype>LOGDT024</logicalDatatype>
<dataTypeSize>25</dataTypeSize>
<ownDataTypeParameters>25,,</ownDataTypeParameters>
<autoIncrementCycle>false</autoIncrementCycle>
</Column>
<Column name="catalogue_title" id="5D66628E-EC5C-A568-882D-FF2AADB6E5DA">
<createdBy>LowPC</createdBy>
<createdTime>2024-09-17 04:05:29 UTC</createdTime>
<commentInRDBMS><![CDATA[Catalogue Title]]></commentInRDBMS>
<generatorID>6C6070E0-948A-F003-2E6F-CBE5C8B5E250</generatorID>
<ownerDesignName>rcl_logical</ownerDesignName>
<useDomainConstraints>false</useDomainConstraints>
<use>1</use>
<logicalDatatype>LOGDT024</logicalDatatype>
<dataTypeSize>100</dataTypeSize>
<ownDataTypeParameters>100,,</ownDataTypeParameters>
<autoIncrementCycle>false</autoIncrementCycle>
</Column>
<Column name="catalogue_publish_year" id="20CA15E1-3992-778F-8D31-B91B4FEC6D51">
<createdBy>LowPC</createdBy>
<createdTime>2024-09-17 04:05:29 UTC</createdTime>
<commentInRDBMS><![CDATA[Catalogue Publish Year]]></commentInRDBMS>
<generatorID>3FCCC71B-68DB-0229-6E7A-066C182B2C0C</generatorID>
<ownerDesignName>rcl_logical</ownerDesignName>
<useDomainConstraints>false</useDomainConstraints>
<use>1</use>
<logicalDatatype>LOGDT025</logicalDatatype>
<dataTypeSize>4</dataTypeSize>
<ownDataTypeParameters>4,,</ownDataTypeParameters>
<autoIncrementCycle>false</autoIncrementCycle>
</Column>
<Column name="catalogue_contents" id="67174D59-D537-0242-01BC-4B4D13D5ECF3">
<createdBy>LowPC</createdBy>
<createdTime>2024-09-17 04:05:29 UTC</createdTime>
<commentInRDBMS><![CDATA[Catalogue Content]]></commentInRDBMS>
<generatorID>996B95C5-4AE9-5528-25D3-CBA30D3826E9</generatorID>
<ownerDesignName>rcl_logical</ownerDesignName>
<useDomainConstraints>false</useDomainConstraints>
<use>1</use>
<logicalDatatype>LOGDT024</logicalDatatype>
<dataTypeSize>2000</dataTypeSize>
<ownDataTypeParameters>2000,,</ownDataTypeParameters>
<autoIncrementCycle>false</autoIncrementCycle>
</Column>
<Column name="catalogue_page_no" id="49CA60FC-17DA-AAF1-B000-88EF241620D4">
<createdBy>LowPC</createdBy>
<createdTime>2024-09-17 04:05:29 UTC</createdTime>
<commentInRDBMS><![CDATA[Catalogue Page Number]]></commentInRDBMS>
<generatorID>ED457C49-DECB-3FDF-F36A-A246397978C1</generatorID>
<ownerDesignName>rcl_logical</ownerDesignName>
<useDomainConstraints>false</useDomainConstraints>
<use>1</use>
<logicalDatatype>LOGDT019</logicalDatatype>
<dataTypePrecision>3</dataTypePrecision>
<ownDataTypeParameters>,3,</ownDataTypeParameters>
<autoIncrementCycle>false</autoIncrementCycle>
</Column>
<Column name="catalogue_language" id="FCD6637A-93D6-7602-B752-CA9E08814FCC">
<createdBy>LowPC</createdBy>
<createdTime>2024-09-17 04:05:29 UTC</createdTime>
<commentInRDBMS><![CDATA[Catalogue Language]]></commentInRDBMS>
<generatorID>E2018A0A-E2D4-35AB-EBA4-44E99BF5345D</generatorID>
<ownerDesignName>rcl_logical</ownerDesignName>
<useDomainConstraints>false</useDomainConstraints>
<use>1</use>
<logicalDatatype>LOGDT024</logicalDatatype>
<dataTypeSize>20</dataTypeSize>
<ownDataTypeParameters>20,,</ownDataTypeParameters>
<autoIncrementCycle>false</autoIncrementCycle>
</Column>
<Column name="catalogue_classification" id="401BBAFD-B212-24C6-4BAA-861AF780F0F3">
<createdBy>LowPC</createdBy>
<createdTime>2024-09-17 04:05:29 UTC</createdTime>
<commentInRDBMS><![CDATA[Catalogue Classification (R = Reference, F = Fiction)]]></commentInRDBMS>
<generatorID>677293D7-F635-CAFB-B7D4-9E0FFB92EC7A</generatorID>
<ownerDesignName>rcl_logical</ownerDesignName>
<constraintName>chk_catalogue_classification</constraintName>
<useDomainConstraints>false</useDomainConstraints>
<use>1</use>
<logicalDatatype>LOGDT025</logicalDatatype>
<dataTypeSize>1</dataTypeSize>
<listOfValues>
<valueDef value="F" description="Fiction"/>
<valueDef value="R" description="Reference"/>
</listOfValues>
<ownDataTypeParameters>1,,</ownDataTypeParameters>
<autoIncrementCycle>false</autoIncrementCycle>
</Column>
<Column name="catalogue_reading_level" id="EB91E147-6DB3-EBB1-9ADB-FDA6B124568A">
<createdBy>LowPC</createdBy>
<createdTime>2024-09-17 04:05:29 UTC</createdTime>
<commentInRDBMS><![CDATA[Catalogue Reading Level (from 1 (Easy) to 30 (Very Difficult))]]></commentInRDBMS>
<generatorID>B9E1F1A5-BF6E-1F28-22F6-D285CB258B39</generatorID>
<ownerDesignName>rcl_logical</ownerDesignName>
<constraintName>chk_catalogue_reading_level</constraintName>
<nullsAllowed>true</nullsAllowed>
<useDomainConstraints>false</useDomainConstraints>
<use>1</use>
<logicalDatatype>LOGDT019</logicalDatatype>
<dataTypePrecision>2</dataTypePrecision>
<ownDataTypeParameters>,2,</ownDataTypeParameters>
<autoIncrementCycle>false</autoIncrementCycle>
<listOfRanges>
<rangeDef class="oracle.dbtools.crest.model.design.constraint.AVT">
<beginValue>1</beginValue>
<endValue>30</endValue>
<description>Reading Level Difficulty for Fiction Books (from Easy to Very Difficult</description>
</rangeDef>
</listOfRanges>
</Column>
<Column name="catalogue_edition" id="5B9EBCFD-D695-A3AD-0C96-53F654826424">
<createdBy>LowPC</createdBy>
<createdTime>2024-09-17 04:05:29 UTC</createdTime>
<commentInRDBMS><![CDATA[Catalogue Edition (Accpetable Format: ##st Edition, ##nd Edition, ##rd Edition or ##th Edition)]]></commentInRDBMS>
<generatorID>762BF35A-3F22-E8A3-8C6F-66D13E9842D3</generatorID>
<ownerDesignName>rcl_logical</ownerDesignName>
<nullsAllowed>true</nullsAllowed>
<useDomainConstraints>false</useDomainConstraints>
<use>1</use>
<logicalDatatype>LOGDT024</logicalDatatype>
<dataTypeSize>12</dataTypeSize>
<ownDataTypeParameters>12,,</ownDataTypeParameters>
<autoIncrementCycle>false</autoIncrementCycle>
</Column>
<Column name="catalogue_note" id="3AC3843A-A87F-D908-E3A2-FD7790DF8B84">
<createdBy>LowPC</createdBy>
<createdTime>2024-09-17 04:05:29 UTC</createdTime>
<commentInRDBMS><![CDATA[Catalogue Note]]></commentInRDBMS>
<generatorID>FC5264CC-E4F4-D6C7-4E79-F97DDD7F154A</generatorID>
<ownerDesignName>rcl_logical</ownerDesignName>
<nullsAllowed>true</nullsAllowed>
<useDomainConstraints>false</useDomainConstraints>
<use>1</use>
<logicalDatatype>LOGDT024</logicalDatatype>
<dataTypeSize>200</dataTypeSize>
<ownDataTypeParameters>200,,</ownDataTypeParameters>
<autoIncrementCycle>false</autoIncrementCycle>
</Column>
<Column name="publisher_id" id="BD04086B-D09F-5697-D7C6-E037085891B1">
<createdBy>LowPC</createdBy>
<createdTime>2024-09-17 04:05:29 UTC</createdTime>
<commentInRDBMS><![CDATA[Publisher ID]]></commentInRDBMS>
<generatorID>15118659-3350-3E80-2996-3A0CFA5A7333</generatorID>
<ownerDesignName>rcl_logical</ownerDesignName>
<useDomainConstraints>false</useDomainConstraints>
<use>1</use>
<logicalDatatype>LOGDT019</logicalDatatype>
<dataTypePrecision>4</dataTypePrecision>
<ownDataTypeParameters>,,</ownDataTypeParameters>
<previousColumn>false</previousColumn>
<autoIncrementCycle>false</autoIncrementCycle>
<associations>
<colAssociation fkAssociation="9A812929-4D21-810C-8D1A-E48E84E2724E" referredColumn="7CDCA4A8-C83D-9A1C-360D-6683C17DF81E"/>
</associations>
</Column>
</columns>
<indexes itemClass="oracle.dbtools.crest.model.design.relational.Index">
<ind_PK_UK id="C732066D-1A4C-D9CC-C319-5CC4BC3D77A3" name="CATALOGUE_PK">
<createdBy>LowPC</createdBy>
<createdTime>2024-09-17 04:05:29 UTC</createdTime>
<generatorID>82AF50E0-88CE-154C-8798-6237CCF6E9AD</generatorID>
<ownerDesignName>rcl_logical</ownerDesignName>
<pk>true</pk>
<indexState>Primary Constraint</indexState>
<isSurrogateKey>false</isSurrogateKey>
<indexColumnUsage>
<colUsage columnID="3AC1F9A3-781F-EB67-A0E9-0A8D59798AC4"/>
</indexColumnUsage>
</ind_PK_UK>
<ind_PK_UK id="8A9BFB38-59F4-FA62-FA02-17F351153CFB" name="publisher_catalogue_fk">
<createdBy>LowPC</createdBy>
<createdTime>2024-09-17 04:05:29 UTC</createdTime>
<generatorID>7773D7EB-81A1-3D4E-6B56-EB98714D0238</generatorID>
<ownerDesignName>rcl_logical</ownerDesignName>
<indexState>Foreign Key</indexState>
<isSurrogateKey>false</isSurrogateKey>
<indexColumnUsage>
<colUsage columnID="BD04086B-D09F-5697-D7C6-E037085891B1"/>
</indexColumnUsage>
</ind_PK_UK>
</indexes>
</Table>
