<?xml version = '1.0' encoding = 'UTF-8'?>
<Table class="oracle.dbtools.crest.model.design.relational.Table" directorySegmentName="seg_0" id="9636CF7C-BC14-5EF3-9F38-6B9CE2234198" name="LOAN">
<createdBy>LowPC</createdBy>
<createdTime>2024-09-17 04:05:29 UTC</createdTime>
<generatorID>0B6661FA-6355-2D70-B8CE-4AABA2DB6973</generatorID>
<ownerDesignName>rcl_logical</ownerDesignName>
<allowColumnReorder>false</allowColumnReorder>
<existDependencyGenerateInDDl>true</existDependencyGenerateInDDl>
<parsed>true</parsed>
<columns itemClass="oracle.dbtools.crest.model.design.relational.Column">
<Column name="loan_no" id="9F6B4EE9-9177-BD41-0848-521FB0BCC0A2">
<createdBy>LowPC</createdBy>
<createdTime>2024-09-17 04:05:29 UTC</createdTime>
<commentInRDBMS><![CDATA[Loan Number (Surrogate Key)]]></commentInRDBMS>
<generatorID>E82A0F9B-3919-5A7A-F986-57127C62AD24</generatorID>
<ownerDesignName>rcl_logical</ownerDesignName>
<useDomainConstraints>false</useDomainConstraints>
<use>1</use>
<logicalDatatype>LOGDT019</logicalDatatype>
<dataTypePrecision>5</dataTypePrecision>
<ownDataTypeParameters>,5,</ownDataTypeParameters>
<autoIncrementCycle>false</autoIncrementCycle>
</Column>
<Column name="branch_code" id="9B26DB5D-CBEC-A9D8-95B4-F34F1395B3AB">
<createdBy>LowPC</createdBy>
<createdTime>2024-09-17 04:05:29 UTC</createdTime>
<commentInRDBMS><![CDATA[Branch Code]]></commentInRDBMS>
<generatorID>0D757019-5867-91C6-CFD0-8EE9F569AB65</generatorID>
<ownerDesignName>rcl_logical</ownerDesignName>
<useDomainConstraints>false</useDomainConstraints>
<use>1</use>
<logicalDatatype>LOGDT019</logicalDatatype>
<dataTypePrecision>3</dataTypePrecision>
<ownDataTypeParameters>,,</ownDataTypeParameters>
<previousColumn>false</previousColumn>
<autoIncrementCycle>false</autoIncrementCycle>
<associations>
<colAssociation fkAssociation="2FF39409-F348-E41A-6036-D0999F68804C" referredColumn="28F7F18D-3964-5ABF-73E9-B49F0A51310F"/>
</associations>
</Column>
<Column name="book_copy_id" id="0CB79AB3-919C-9FC3-C58E-886C4475F2A8">
<createdBy>LowPC</createdBy>
<createdTime>2024-09-17 04:05:29 UTC</createdTime>
<commentInRDBMS><![CDATA[Book Copy ID]]></commentInRDBMS>
<generatorID>C419A791-EF99-28F4-54B2-572475EC3655</generatorID>
<ownerDesignName>rcl_logical</ownerDesignName>
<useDomainConstraints>false</useDomainConstraints>
<use>1</use>
<logicalDatatype>LOGDT019</logicalDatatype>
<dataTypePrecision>4</dataTypePrecision>
<ownDataTypeParameters>,,</ownDataTypeParameters>
<previousColumn>false</previousColumn>
<autoIncrementCycle>false</autoIncrementCycle>
<associations>
<colAssociation fkAssociation="2FF39409-F348-E41A-6036-D0999F68804C" referredColumn="42969331-4098-ADED-CFC0-DDB049CDA781"/>
</associations>
</Column>
<Column name="loan_datetime" id="78B8AD30-367B-4E81-BD0A-D009FE386F43">
<createdBy>LowPC</createdBy>
<createdTime>2024-09-17 04:05:29 UTC</createdTime>
<commentInRDBMS><![CDATA[Loan Datetime]]></commentInRDBMS>
<generatorID>251853BA-A5FD-AF00-7337-F95B37A1CF43</generatorID>
<ownerDesignName>rcl_logical</ownerDesignName>
<useDomainConstraints>false</useDomainConstraints>
<use>1</use>
<logicalDatatype>LOGDT007</logicalDatatype>
<ownDataTypeParameters>,,</ownDataTypeParameters>
<autoIncrementCycle>false</autoIncrementCycle>
</Column>
<Column name="loan_due_date" id="A60BDEA3-4621-9937-C88F-C651B312A1A4">
<createdBy>LowPC</createdBy>
<createdTime>2024-09-17 04:05:29 UTC</createdTime>
<commentInRDBMS><![CDATA[Loan Duedate]]></commentInRDBMS>
<generatorID>A3A174BF-8E77-2ECB-760B-4BC9E76455B8</generatorID>
<ownerDesignName>rcl_logical</ownerDesignName>
<useDomainConstraints>false</useDomainConstraints>
<use>1</use>
<logicalDatatype>LOGDT007</logicalDatatype>
<ownDataTypeParameters>,,</ownDataTypeParameters>
<autoIncrementCycle>false</autoIncrementCycle>
</Column>
<Column name="loan_return_datetime" id="05EB2D80-A50C-A3C3-F9A9-B6663A16FF7C">
<createdBy>LowPC</createdBy>
<createdTime>2024-09-17 04:05:29 UTC</createdTime>
<commentInRDBMS><![CDATA[Loan Return Datetime]]></commentInRDBMS>
<generatorID>F9E53D2E-9054-881C-F8E2-5D1C1D87D58D</generatorID>
<ownerDesignName>rcl_logical</ownerDesignName>
<useDomainConstraints>false</useDomainConstraints>
<use>1</use>
<logicalDatatype>LOGDT007</logicalDatatype>
<ownDataTypeParameters>,,</ownDataTypeParameters>
<autoIncrementCycle>false</autoIncrementCycle>
</Column>
<Column name="loan_fine_amount" id="D189CF75-65F7-484D-37EE-7600FDE47AB0">
<createdBy>LowPC</createdBy>
<createdTime>2024-09-17 04:05:29 UTC</createdTime>
<commentInRDBMS><![CDATA[Loan Fine Amount $]]></commentInRDBMS>
<generatorID>12EC7ABD-5DF0-F723-9AD5-6535D8F2863F</generatorID>
<ownerDesignName>rcl_logical</ownerDesignName>
<nullsAllowed>true</nullsAllowed>
<useDomainConstraints>false</useDomainConstraints>
<use>1</use>
<logicalDatatype>LOGDT019</logicalDatatype>
<dataTypePrecision>4</dataTypePrecision>
<dataTypeScale>2</dataTypeScale>
<ownDataTypeParameters>,4,2</ownDataTypeParameters>
<autoIncrementCycle>false</autoIncrementCycle>
</Column>
<Column name="loan_fine_date_paid" id="AB1E745D-0850-D896-7D31-EB6C834CD719">
<createdBy>LowPC</createdBy>
<createdTime>2024-09-17 04:05:29 UTC</createdTime>
<commentInRDBMS><![CDATA[Loan Date Paid]]></commentInRDBMS>
<generatorID>1083E696-4452-6621-2E6D-340F75DE3154</generatorID>
<ownerDesignName>rcl_logical</ownerDesignName>
<nullsAllowed>true</nullsAllowed>
<useDomainConstraints>false</useDomainConstraints>
<use>1</use>
<logicalDatatype>LOGDT007</logicalDatatype>
<ownDataTypeParameters>,,</ownDataTypeParameters>
<autoIncrementCycle>false</autoIncrementCycle>
</Column>
<Column name="borrower_no" id="98DE1356-0900-D4F8-169B-FA5FB4B75F87">
<createdBy>LowPC</createdBy>
<createdTime>2024-09-17 04:05:29 UTC</createdTime>
<commentInRDBMS><![CDATA[Borrower Number]]></commentInRDBMS>
<generatorID>D697FE40-4F4B-859C-58CE-64041AFBBF5E</generatorID>
<ownerDesignName>rcl_logical</ownerDesignName>
<useDomainConstraints>false</useDomainConstraints>
<use>1</use>
<logicalDatatype>LOGDT019</logicalDatatype>
<dataTypePrecision>4</dataTypePrecision>
<ownDataTypeParameters>,,</ownDataTypeParameters>
<previousColumn>false</previousColumn>
<autoIncrementCycle>false</autoIncrementCycle>
<associations>
<colAssociation fkAssociation="8CCEAD0C-045C-794D-9E66-EB6A85C58749" referredColumn="44B87148-80C4-3956-7109-5369A0C06BE5"/>
</associations>
</Column>
</columns>
<indexes itemClass="oracle.dbtools.crest.model.design.relational.Index">
<ind_PK_UK id="9E2028CF-2366-A1EC-F847-6B4628EBFE8C" name="LOAN_PK">
<createdBy>LowPC</createdBy>
<createdTime>2024-09-17 04:05:29 UTC</createdTime>
<generatorID>2CFE21FD-8958-13CD-8899-17B30BDE5D5A</generatorID>
<ownerDesignName>rcl_logical</ownerDesignName>
<pk>true</pk>
<indexState>Primary Constraint</indexState>
<isSurrogateKey>false</isSurrogateKey>
<indexColumnUsage>
<colUsage columnID="9F6B4EE9-9177-BD41-0848-521FB0BCC0A2"/>
</indexColumnUsage>
</ind_PK_UK>
<ind_PK_UK id="1899FEDE-A652-D6EC-FC26-E75CBDB1CAC9" name="loan_nk">
<createdBy>LowPC</createdBy>
<createdTime>2024-09-17 04:05:29 UTC</createdTime>
<generatorID>82DE2BD5-C383-52BD-E3CA-704472AAD4C1</generatorID>
<ownerDesignName>rcl_logical</ownerDesignName>
<indexState>Unique Constraint</indexState>
<isSurrogateKey>false</isSurrogateKey>
<indexColumnUsage>
<colUsage columnID="78B8AD30-367B-4E81-BD0A-D009FE386F43"/>
<colUsage columnID="0CB79AB3-919C-9FC3-C58E-886C4475F2A8"/>
<colUsage columnID="9B26DB5D-CBEC-A9D8-95B4-F34F1395B3AB"/>
</indexColumnUsage>
</ind_PK_UK>
<ind_PK_UK id="22F48472-7B41-03CC-529A-2DAD500CE645" name="book_copy_loan_fk">
<createdBy>LowPC</createdBy>
<createdTime>2024-09-17 04:05:29 UTC</createdTime>
<generatorID>1DE18517-1EF2-AE55-59A1-45F01105B21F</generatorID>
<ownerDesignName>rcl_logical</ownerDesignName>
<indexState>Foreign Key</indexState>
<isSurrogateKey>false</isSurrogateKey>
<indexColumnUsage>
<colUsage columnID="0CB79AB3-919C-9FC3-C58E-886C4475F2A8"/>
<colUsage columnID="9B26DB5D-CBEC-A9D8-95B4-F34F1395B3AB"/>
</indexColumnUsage>
</ind_PK_UK>
<ind_PK_UK id="D6AA3D2B-3BB2-2428-A122-49CFBC204042" name="borrower_loan_fk">
<createdBy>LowPC</createdBy>
<createdTime>2024-09-17 04:05:29 UTC</createdTime>
<generatorID>F12F7A21-360D-97E1-342F-A00BAF6F879F</generatorID>
<ownerDesignName>rcl_logical</ownerDesignName>
<indexState>Foreign Key</indexState>
<isSurrogateKey>false</isSurrogateKey>
<indexColumnUsage>
<colUsage columnID="98DE1356-0900-D4F8-169B-FA5FB4B75F87"/>
</indexColumnUsage>
</ind_PK_UK>
</indexes>
</Table>
