<?xml version = '1.0' encoding = 'UTF-8'?>
<Table class="oracle.dbtools.crest.model.design.relational.Table" directorySegmentName="seg_0" id="BF676369-2DBF-5957-B1AA-84E263FC80B8" name="BRANCH">
<createdBy>LowPC</createdBy>
<createdTime>2024-09-17 04:05:29 UTC</createdTime>
<generatorID>C646726C-5C20-80E2-0F95-8CDCA4E1D21A</generatorID>
<ownerDesignName>rcl_logical</ownerDesignName>
<allowColumnReorder>false</allowColumnReorder>
<existDependencyGenerateInDDl>true</existDependencyGenerateInDDl>
<parsed>true</parsed>
<columns itemClass="oracle.dbtools.crest.model.design.relational.Column">
<Column name="branch_code" id="6ADC4C16-89C1-8EB5-7788-6ADAE0D747E4">
<createdBy>LowPC</createdBy>
<createdTime>2024-09-17 04:05:29 UTC</createdTime>
<commentInRDBMS><![CDATA[Branch Code]]></commentInRDBMS>
<generatorID>C72F6843-DAE9-4B23-2B73-65219BDA1FE1</generatorID>
<ownerDesignName>rcl_logical</ownerDesignName>
<useDomainConstraints>false</useDomainConstraints>
<use>1</use>
<logicalDatatype>LOGDT019</logicalDatatype>
<dataTypePrecision>3</dataTypePrecision>
<ownDataTypeParameters>,3,</ownDataTypeParameters>
<autoIncrementCycle>false</autoIncrementCycle>
</Column>
<Column name="branch_name" id="E2DC59F1-FDD0-D6ED-76ED-A4AEAC12996E">
<createdBy>LowPC</createdBy>
<createdTime>2024-09-17 04:05:29 UTC</createdTime>
<commentInRDBMS><![CDATA[Branch Name]]></commentInRDBMS>
<generatorID>C53F8C1D-EB9A-E619-DCCC-C388BD8C1F71</generatorID>
<ownerDesignName>rcl_logical</ownerDesignName>
<useDomainConstraints>false</useDomainConstraints>
<use>1</use>
<logicalDatatype>LOGDT024</logicalDatatype>
<dataTypeSize>20</dataTypeSize>
<ownDataTypeParameters>20,,</ownDataTypeParameters>
<autoIncrementCycle>false</autoIncrementCycle>
</Column>
<Column name="branch_address" id="0B5BD7AB-6E3E-DFD2-9BB9-6D1BF6AED366">
<createdBy>LowPC</createdBy>
<createdTime>2024-09-17 04:05:29 UTC</createdTime>
<commentInRDBMS><![CDATA[Branch Address]]></commentInRDBMS>
<generatorID>477E8FC9-9E59-9CC5-A880-0151E3E5F50C</generatorID>
<ownerDesignName>rcl_logical</ownerDesignName>
<useDomainConstraints>false</useDomainConstraints>
<use>1</use>
<logicalDatatype>LOGDT024</logicalDatatype>
<dataTypeSize>80</dataTypeSize>
<ownDataTypeParameters>80,,</ownDataTypeParameters>
<autoIncrementCycle>false</autoIncrementCycle>
</Column>
<Column name="branch_phone_no" id="83063773-E1B4-6758-A882-74AC9D640E82">
<createdBy>LowPC</createdBy>
<createdTime>2024-09-17 04:05:29 UTC</createdTime>
<commentInRDBMS><![CDATA[Branch Phone Number]]></commentInRDBMS>
<generatorID>6D3EA153-D59E-E9C3-42F4-9E78E82923A2</generatorID>
<ownerDesignName>rcl_logical</ownerDesignName>
<useDomainConstraints>false</useDomainConstraints>
<use>1</use>
<logicalDatatype>LOGDT025</logicalDatatype>
<dataTypeSize>10</dataTypeSize>
<ownDataTypeParameters>10,,</ownDataTypeParameters>
<autoIncrementCycle>false</autoIncrementCycle>
</Column>
<Column name="manager_id" id="FB683992-328B-4AF4-ED65-43A106B32F09">
<createdBy>LowPC</createdBy>
<createdTime>2024-09-17 04:05:29 UTC</createdTime>
<commentInRDBMS><![CDATA[Manager ID]]></commentInRDBMS>
<generatorID>0433B3A8-9A2E-C0CF-A707-CB60A06939A8</generatorID>
<ownerDesignName>rcl_logical</ownerDesignName>
<useDomainConstraints>false</useDomainConstraints>
<use>1</use>
<logicalDatatype>LOGDT019</logicalDatatype>
<dataTypePrecision>3</dataTypePrecision>
<ownDataTypeParameters>,,</ownDataTypeParameters>
<previousColumn>false</previousColumn>
<autoIncrementCycle>false</autoIncrementCycle>
<associations>
<colAssociation fkAssociation="EA4B3994-046E-79F4-8D7A-E0088BDA1AC8" referredColumn="052BF031-2785-3D3E-BAC6-C5FFC19536E9"/>
</associations>
</Column>
<Column name="LGA_id" id="328A738C-C3A1-2525-E445-C7C0699A48F2">
<createdBy>LowPC</createdBy>
<createdTime>2024-09-17 04:05:29 UTC</createdTime>
<commentInRDBMS><![CDATA[LGA ID]]></commentInRDBMS>
<generatorID>BF3F12F4-69E1-2B24-EF7C-8C4EC1B2929D</generatorID>
<ownerDesignName>rcl_logical</ownerDesignName>
<useDomainConstraints>false</useDomainConstraints>
<use>1</use>
<logicalDatatype>LOGDT019</logicalDatatype>
<dataTypePrecision>3</dataTypePrecision>
<ownDataTypeParameters>,,</ownDataTypeParameters>
<previousColumn>false</previousColumn>
<autoIncrementCycle>false</autoIncrementCycle>
<associations>
<colAssociation fkAssociation="9C304427-5E19-F2E6-223D-3538988D49A2" referredColumn="D4CE9F1E-4505-F05C-4B34-D61AB55090CF"/>
</associations>
</Column>
</columns>
<indexes itemClass="oracle.dbtools.crest.model.design.relational.Index">
<ind_PK_UK id="2F75147B-5CD5-4A84-BDE4-7C2C6D522B55" name="BRANCH_PK">
<createdBy>LowPC</createdBy>
<createdTime>2024-09-17 04:05:29 UTC</createdTime>
<generatorID>B8E95F7B-2107-C84F-43E1-B9AB2E347AD1</generatorID>
<ownerDesignName>rcl_logical</ownerDesignName>
<pk>true</pk>
<indexState>Primary Constraint</indexState>
<isSurrogateKey>false</isSurrogateKey>
<indexColumnUsage>
<colUsage columnID="6ADC4C16-89C1-8EB5-7788-6ADAE0D747E4"/>
</indexColumnUsage>
</ind_PK_UK>
<ind_PK_UK id="EE05CA10-FA35-1E8B-82B3-D387A1CAA369" name="lga_branch_fk">
<createdBy>LowPC</createdBy>
<createdTime>2024-09-17 04:05:29 UTC</createdTime>
<generatorID>E67438A6-2724-60DF-42FD-2B7EB552810D</generatorID>
<ownerDesignName>rcl_logical</ownerDesignName>
<indexState>Foreign Key</indexState>
<isSurrogateKey>false</isSurrogateKey>
<indexColumnUsage>
<colUsage columnID="328A738C-C3A1-2525-E445-C7C0699A48F2"/>
</indexColumnUsage>
</ind_PK_UK>
<ind_PK_UK id="893237FF-19C7-B234-CF3F-EF7805392896" name="manager_branch_fk">
<createdBy>LowPC</createdBy>
<createdTime>2024-09-17 04:05:29 UTC</createdTime>
<generatorID>1AC040CC-9435-BFB2-A2D0-3A9EC2A6F2A7</generatorID>
<ownerDesignName>rcl_logical</ownerDesignName>
<indexState>Foreign Key</indexState>
<isSurrogateKey>false</isSurrogateKey>
<indexColumnUsage>
<colUsage columnID="FB683992-328B-4AF4-ED65-43A106B32F09"/>
</indexColumnUsage>
</ind_PK_UK>
</indexes>
</Table>
