<?xml version = '1.0' encoding = 'UTF-8'?>
<Table class="oracle.dbtools.crest.model.design.relational.Table" directorySegmentName="seg_0" id="DD081406-AAAD-BEF6-962F-2B1BBB92E5A8" name="CATALOGUE_AUTHOR">
<createdBy>LowPC</createdBy>
<createdTime>2024-09-17 04:05:29 UTC</createdTime>
<generatorID>AF7ACC65-AAFF-CEDE-10DD-82A2509EA772</generatorID>
<ownerDesignName>rcl_logical</ownerDesignName>
<allowColumnReorder>false</allowColumnReorder>
<existDependencyGenerateInDDl>true</existDependencyGenerateInDDl>
<parsed>true</parsed>
<columns itemClass="oracle.dbtools.crest.model.design.relational.Column">
<Column name="catalogue_call_no" id="1CEC8E31-4B79-6EB1-D315-6DEF13A41093">
<createdBy>LowPC</createdBy>
<createdTime>2024-09-17 04:05:29 UTC</createdTime>
<commentInRDBMS><![CDATA[Catalogue Call Number]]></commentInRDBMS>
<generatorID>C193685D-3809-ADAE-BA4A-AE8732C5F579</generatorID>
<ownerDesignName>rcl_logical</ownerDesignName>
<useDomainConstraints>false</useDomainConstraints>
<use>1</use>
<logicalDatatype>LOGDT024</logicalDatatype>
<dataTypeSize>25</dataTypeSize>
<ownDataTypeParameters>,,</ownDataTypeParameters>
<previousColumn>false</previousColumn>
<autoIncrementCycle>false</autoIncrementCycle>
<associations>
<colAssociation fkAssociation="7A3E189F-3306-87F2-1B1F-6656EEA46539" referredColumn="3AC1F9A3-781F-EB67-A0E9-0A8D59798AC4"/>
</associations>
</Column>
<Column name="author_id" id="96595586-EFA5-678E-A6A4-ED4DEDD0D5B3">
<createdBy>LowPC</createdBy>
<createdTime>2024-09-17 04:05:29 UTC</createdTime>
<commentInRDBMS><![CDATA[Author ID]]></commentInRDBMS>
<generatorID>DF0FBAB9-2DF4-B8B9-4CD3-2481DE3C5292</generatorID>
<ownerDesignName>rcl_logical</ownerDesignName>
<useDomainConstraints>false</useDomainConstraints>
<use>1</use>
<logicalDatatype>LOGDT019</logicalDatatype>
<dataTypePrecision>4</dataTypePrecision>
<ownDataTypeParameters>,,</ownDataTypeParameters>
<previousColumn>false</previousColumn>
<autoIncrementCycle>false</autoIncrementCycle>
<associations>
<colAssociation fkAssociation="D19B17FA-05C7-F17F-71BA-A6F0E8E5D808" referredColumn="8529BF51-258C-DE02-2022-AB498B70E03B"/>
</associations>
</Column>
</columns>
<indexes itemClass="oracle.dbtools.crest.model.design.relational.Index">
<ind_PK_UK id="7B465589-F2A7-176E-A2E1-EDB9C21E375C" name="CATALOGUE_AUTHOR_PK">
<createdBy>LowPC</createdBy>
<createdTime>2024-09-17 04:05:29 UTC</createdTime>
<generatorID>8CAC91BF-175E-20FD-46BF-1A5CE6F3CC5A</generatorID>
<ownerDesignName>rcl_logical</ownerDesignName>
<pk>true</pk>
<indexState>Primary Constraint</indexState>
<isSurrogateKey>false</isSurrogateKey>
<indexColumnUsage>
<colUsage columnID="96595586-EFA5-678E-A6A4-ED4DEDD0D5B3"/>
<colUsage columnID="1CEC8E31-4B79-6EB1-D315-6DEF13A41093"/>
</indexColumnUsage>
</ind_PK_UK>
<ind_PK_UK id="D6B8100D-4996-A9AC-FB79-CA72F788EDFE" name="author_catalogue_author_fk">
<createdBy>LowPC</createdBy>
<createdTime>2024-09-17 04:05:29 UTC</createdTime>
<generatorID>3F803ABA-C6A7-1449-8CBF-B4D1BAC45013</generatorID>
<ownerDesignName>rcl_logical</ownerDesignName>
<indexState>Foreign Key</indexState>
<isSurrogateKey>false</isSurrogateKey>
<indexColumnUsage>
<colUsage columnID="96595586-EFA5-678E-A6A4-ED4DEDD0D5B3"/>
</indexColumnUsage>
</ind_PK_UK>
<ind_PK_UK id="2F9DE00D-0297-0ED8-9A3C-E64EEFA4D50C" name="catalogue_catalogue_author_fk">
<createdBy>LowPC</createdBy>
<createdTime>2024-09-17 04:05:29 UTC</createdTime>
<generatorID>DFDC152C-2D84-F545-AE36-5C070AA9DC63</generatorID>
<ownerDesignName>rcl_logical</ownerDesignName>
<indexState>Foreign Key</indexState>
<isSurrogateKey>false</isSurrogateKey>
<indexColumnUsage>
<colUsage columnID="1CEC8E31-4B79-6EB1-D315-6DEF13A41093"/>
</indexColumnUsage>
</ind_PK_UK>
</indexes>
</Table>
