<?xml version = '1.0' encoding = 'UTF-8'?>
<Table class="oracle.dbtools.crest.model.design.relational.Table" directorySegmentName="seg_0" id="F929FE78-76A1-B89F-FA61-9E5141F2CC91" name="RESERVATION">
<createdBy>LowPC</createdBy>
<createdTime>2024-09-17 04:05:29 UTC</createdTime>
<generatorID>516F21EE-FB46-846E-1120-7351A41D7FD9</generatorID>
<ownerDesignName>rcl_logical</ownerDesignName>
<allowColumnReorder>false</allowColumnReorder>
<existDependencyGenerateInDDl>true</existDependencyGenerateInDDl>
<parsed>true</parsed>
<columns itemClass="oracle.dbtools.crest.model.design.relational.Column">
<Column name="reservation_no" id="F182E09C-BDDD-4092-60EC-0A1A0905F3E0">
<createdBy>LowPC</createdBy>
<createdTime>2024-09-17 04:05:29 UTC</createdTime>
<commentInRDBMS><![CDATA[Reservation Number (Surrogate Key)]]></commentInRDBMS>
<generatorID>75D67AC7-BBCE-4D75-2F4D-D7F7668B9686</generatorID>
<ownerDesignName>rcl_logical</ownerDesignName>
<useDomainConstraints>false</useDomainConstraints>
<use>1</use>
<logicalDatatype>LOGDT019</logicalDatatype>
<dataTypePrecision>4</dataTypePrecision>
<ownDataTypeParameters>,4,</ownDataTypeParameters>
<autoIncrementCycle>false</autoIncrementCycle>
</Column>
<Column name="reservation_datetime" id="C4C46548-48F5-A0AD-7493-96D0E8CE0F15">
<createdBy>LowPC</createdBy>
<createdTime>2024-09-17 04:05:29 UTC</createdTime>
<commentInRDBMS><![CDATA[Reservation date and time]]></commentInRDBMS>
<generatorID>62A54639-4932-E057-0191-3196E705615F</generatorID>
<ownerDesignName>rcl_logical</ownerDesignName>
<useDomainConstraints>false</useDomainConstraints>
<use>1</use>
<logicalDatatype>LOGDT007</logicalDatatype>
<ownDataTypeParameters>,,</ownDataTypeParameters>
<autoIncrementCycle>false</autoIncrementCycle>
</Column>
<Column name="borrower_no" id="5608D4E9-54E9-5BE4-BF18-E99032A4D714">
<createdBy>LowPC</createdBy>
<createdTime>2024-09-17 04:05:29 UTC</createdTime>
<commentInRDBMS><![CDATA[Borrower Number]]></commentInRDBMS>
<generatorID>B9A69290-2722-9A3F-C26A-6BBC1657AFE7</generatorID>
<ownerDesignName>rcl_logical</ownerDesignName>
<useDomainConstraints>false</useDomainConstraints>
<use>1</use>
<logicalDatatype>LOGDT019</logicalDatatype>
<dataTypePrecision>4</dataTypePrecision>
<ownDataTypeParameters>,,</ownDataTypeParameters>
<previousColumn>false</previousColumn>
<autoIncrementCycle>false</autoIncrementCycle>
<associations>
<colAssociation fkAssociation="57C5BF8C-D3CB-4F06-7A6E-2BB6E87DAE3E" referredColumn="44B87148-80C4-3956-7109-5369A0C06BE5"/>
</associations>
</Column>
<Column name="book_copy_id" id="47CEB17E-B097-B9EC-1F98-A6E539D0F99B">
<createdBy>LowPC</createdBy>
<createdTime>2024-09-17 04:05:29 UTC</createdTime>
<commentInRDBMS><![CDATA[Book Copy ID]]></commentInRDBMS>
<generatorID>CDDF025B-8894-C06A-EDFE-1B470846ABCC</generatorID>
<ownerDesignName>rcl_logical</ownerDesignName>
<useDomainConstraints>false</useDomainConstraints>
<use>1</use>
<logicalDatatype>LOGDT019</logicalDatatype>
<dataTypePrecision>4</dataTypePrecision>
<ownDataTypeParameters>,,</ownDataTypeParameters>
<previousColumn>false</previousColumn>
<autoIncrementCycle>false</autoIncrementCycle>
<associations>
<colAssociation fkAssociation="73A14D53-C419-26A0-9CF3-92CD403859FF" referredColumn="42969331-4098-ADED-CFC0-DDB049CDA781"/>
</associations>
</Column>
<Column name="branch_code" id="E0852073-6AEB-D95D-7919-1DC2693BF7DE">
<createdBy>LowPC</createdBy>
<createdTime>2024-09-17 04:05:29 UTC</createdTime>
<commentInRDBMS><![CDATA[Branch Code]]></commentInRDBMS>
<generatorID>3E451190-8861-AB82-F0E0-903E7F03FF16</generatorID>
<ownerDesignName>rcl_logical</ownerDesignName>
<useDomainConstraints>false</useDomainConstraints>
<use>1</use>
<logicalDatatype>LOGDT019</logicalDatatype>
<dataTypePrecision>3</dataTypePrecision>
<ownDataTypeParameters>,,</ownDataTypeParameters>
<previousColumn>false</previousColumn>
<autoIncrementCycle>false</autoIncrementCycle>
<associations>
<colAssociation fkAssociation="73A14D53-C419-26A0-9CF3-92CD403859FF" referredColumn="28F7F18D-3964-5ABF-73E9-B49F0A51310F"/>
</associations>
</Column>
</columns>
<indexes itemClass="oracle.dbtools.crest.model.design.relational.Index">
<ind_PK_UK id="4F61298C-7D3C-8E38-97B5-511A6EC6CBE5" name="RESERVATION_PK">
<createdBy>LowPC</createdBy>
<createdTime>2024-09-17 04:05:29 UTC</createdTime>
<generatorID>AEDBD826-67A3-CDEC-1406-150C09EA0A57</generatorID>
<ownerDesignName>rcl_logical</ownerDesignName>
<pk>true</pk>
<indexState>Primary Constraint</indexState>
<isSurrogateKey>false</isSurrogateKey>
<indexColumnUsage>
<colUsage columnID="F182E09C-BDDD-4092-60EC-0A1A0905F3E0"/>
</indexColumnUsage>
</ind_PK_UK>
<ind_PK_UK id="2C1178A9-F52E-E8CC-48BB-B4CC1EF875A1" name="reservation_nk">
<createdBy>LowPC</createdBy>
<createdTime>2024-09-17 04:05:29 UTC</createdTime>
<generatorID>2015A514-A381-1824-4BF8-0B652065B3E5</generatorID>
<ownerDesignName>rcl_logical</ownerDesignName>
<indexState>Unique Constraint</indexState>
<isSurrogateKey>false</isSurrogateKey>
<indexColumnUsage>
<colUsage columnID="C4C46548-48F5-A0AD-7493-96D0E8CE0F15"/>
<colUsage columnID="5608D4E9-54E9-5BE4-BF18-E99032A4D714"/>
<colUsage columnID="47CEB17E-B097-B9EC-1F98-A6E539D0F99B"/>
<colUsage columnID="E0852073-6AEB-D95D-7919-1DC2693BF7DE"/>
</indexColumnUsage>
</ind_PK_UK>
<ind_PK_UK id="78F2CBD2-15E5-5329-A44E-617A2C39776C" name="book_copy_reservation_fk">
<createdBy>LowPC</createdBy>
<createdTime>2024-09-17 04:05:29 UTC</createdTime>
<generatorID>33CACA38-B726-C08D-CB6A-104F0B55A054</generatorID>
<ownerDesignName>rcl_logical</ownerDesignName>
<indexState>Foreign Key</indexState>
<isSurrogateKey>false</isSurrogateKey>
<indexColumnUsage>
<colUsage columnID="47CEB17E-B097-B9EC-1F98-A6E539D0F99B"/>
<colUsage columnID="E0852073-6AEB-D95D-7919-1DC2693BF7DE"/>
</indexColumnUsage>
</ind_PK_UK>
<ind_PK_UK id="791AEA48-C256-97D9-9018-49DFB9403421" name="borrower_reservation_fk">
<createdBy>LowPC</createdBy>
<createdTime>2024-09-17 04:05:29 UTC</createdTime>
<generatorID>569E0C9A-4F1C-9BE3-8B66-00F12EBBB0B2</generatorID>
<ownerDesignName>rcl_logical</ownerDesignName>
<indexState>Foreign Key</indexState>
<isSurrogateKey>false</isSurrogateKey>
<indexColumnUsage>
<colUsage columnID="5608D4E9-54E9-5BE4-BF18-E99032A4D714"/>
</indexColumnUsage>
</ind_PK_UK>
</indexes>
</Table>
