<?xml version = '1.0' encoding = 'UTF-8'?>
<Diagram class="oracle.dbtools.crest.swingui.logical.DPVLogical" name="Logical" id="9B596580-62A6-4B6A-D7F0-371E25E24269">
<createdBy>G067 - Jason Abi Chebli (31444059) and Keng Hong Low (34280014)</createdBy>
<modifiedBy>G067 - Jason Abi Chebli (31444059) and Keng Hong Low (34280014)</modifiedBy>
<createdTime>2024-09-12 08:28:53 UTC</createdTime>
<autoRoute>false</autoRoute>
<boxInbox>true</boxInbox>
<showLegend>true</showLegend>
<showLabels>true</showLabels>
<showRelAttributes>true</showRelAttributes>
<gridEnabled>false</gridEnabled>
<showGrid>false</showGrid>
<diagramColor>-1</diagramColor>
<legendPosX>47</legendPosX>
<legendPosY>27</legendPosY>
<display>false</display>
<notation>2</notation>
<showAllDetails>false</showAllDetails>
<showElements>true</showElements>
<objectViews>
<OView class="oracle.dbtools.crest.swingui.logical.TVEntity" oid="0B6661FA-6355-2D70-B8CE-4AABA2DB6973" otype="Entity" vid="4B4D203D-AC19-663C-1DD1-34F7EC41215F">
<hideElementsInCurrentOnly>false</hideElementsInCurrentOnly>
<bounds x="200" y="586" width="159" height="152"/>
</OView>
<OView class="oracle.dbtools.crest.swingui.logical.TVEntity" oid="11DF786F-6E61-E787-28CA-695E49857367" otype="Entity" vid="24F181EF-9088-8465-4BD4-D2F6AA6BB30D">
<hideElementsInCurrentOnly>false</hideElementsInCurrentOnly>
<bounds x="888" y="253" width="153" height="97"/>
</OView>
<OView class="oracle.dbtools.crest.swingui.logical.TVEntity" oid="4ECF5392-C585-71C2-E203-97E6298DC211" otype="Entity" vid="AC868FAC-C41E-3FA1-304F-72A3F547FAFF">
<hideElementsInCurrentOnly>false</hideElementsInCurrentOnly>
<bounds x="607" y="68" width="174" height="96"/>
</OView>
<OView class="oracle.dbtools.crest.swingui.logical.TVEntity" oid="516F21EE-FB46-846E-1120-7351A41D7FD9" otype="Entity" vid="0120BCE6-5EF0-7EE8-C20A-A1665A7E1D17">
<hideElementsInCurrentOnly>false</hideElementsInCurrentOnly>
<bounds x="393" y="479" width="156" height="96"/>
</OView>
<OView class="oracle.dbtools.crest.swingui.logical.TVEntity" oid="56FF4003-0DBB-7936-C16D-A36CD199FF8B" otype="Entity" vid="1646E5A4-D29D-49A5-BA83-7923A3CD13A1">
<hideElementsInCurrentOnly>false</hideElementsInCurrentOnly>
<bounds x="628" y="1232" width="119" height="54"/>
</OView>
<OView class="oracle.dbtools.crest.swingui.TVLegend" oid="6C5E936D-7113-76CE-7D3C-26A9026BCD3B" otype="Legend" vid="B9AFAFAD-8469-CCEA-33CF-25F1007D6424">
<hideElementsInCurrentOnly>false</hideElementsInCurrentOnly>
<bounds x="47" y="27" width="420" height="135"/>
</OView>
<OView class="oracle.dbtools.crest.swingui.logical.TVEntity" oid="76CEADDF-DF50-3CE4-3CC6-757A7B51546D" otype="Entity" vid="0099F463-F9B1-7B98-F48D-AF25553ECA7A">
<hideElementsInCurrentOnly>false</hideElementsInCurrentOnly>
<bounds x="612" y="517" width="160" height="96"/>
</OView>
<OView class="oracle.dbtools.crest.swingui.logical.TVEntity" oid="A7457C38-3418-BF36-D450-8C7456733FD9" otype="Entity" vid="19457330-A330-16EF-86DF-A436536EF75E">
<hideElementsInCurrentOnly>false</hideElementsInCurrentOnly>
<bounds x="334" y="219" width="151" height="180"/>
</OView>
<OView class="oracle.dbtools.crest.swingui.logical.TVEntity" oid="AF7ACC65-AAFF-CEDE-10DD-82A2509EA772" otype="Entity" vid="125272D0-E64E-EEC6-1480-61EE8DBA3627">
<hideElementsInCurrentOnly>false</hideElementsInCurrentOnly>
<bounds x="342" y="891" width="147" height="54"/>
</OView>
<OView class="oracle.dbtools.crest.swingui.logical.TVEntity" oid="BFBEAA8C-27CB-1EFA-C4A3-BB080886BE2F" otype="Entity" vid="3A756DCF-C04C-F8DF-78D9-ADF95A001277">
<hideElementsInCurrentOnly>false</hideElementsInCurrentOnly>
<bounds x="50" y="270" width="189" height="68"/>
</OView>
<OView class="oracle.dbtools.crest.swingui.logical.TVEntity" oid="C446A498-D26C-19C9-A79E-7294DBCA8115" otype="Entity" vid="D3CBB735-2310-1C86-A85E-E3BA0FAE4595">
<hideElementsInCurrentOnly>false</hideElementsInCurrentOnly>
<bounds x="600" y="857" width="176" height="180"/>
</OView>
<OView class="oracle.dbtools.crest.swingui.logical.TVEntity" oid="C646726C-5C20-80E2-0F95-8CDCA4E1D21A" otype="Entity" vid="F3676E40-F0EF-95B4-2604-FE4F49CE98BF">
<hideElementsInCurrentOnly>false</hideElementsInCurrentOnly>
<bounds x="622" y="252" width="144" height="111"/>
</OView>
<OView class="oracle.dbtools.crest.swingui.logical.TVEntity" oid="D331D2AA-82BA-60E3-E104-C9A1B9C88151" otype="Entity" vid="C22D3AA8-143F-55FB-F846-55AEAB982067">
<hideElementsInCurrentOnly>false</hideElementsInCurrentOnly>
<bounds x="109" y="884" width="123" height="68"/>
</OView>
<OView class="oracle.dbtools.crest.swingui.logical.TVEntity" oid="D7CCFC9F-97CF-85B9-17FE-EAE968765820" otype="Entity" vid="A5F40A63-3CBB-829A-0814-1E19BC18E58F">
<hideElementsInCurrentOnly>false</hideElementsInCurrentOnly>
<bounds x="617" y="1118" width="149" height="54"/>
</OView>
<OView class="oracle.dbtools.crest.swingui.logical.TVEntity" oid="DD168DCF-43FB-78E5-A4FA-B18E7730ED25" otype="Entity" vid="570CBEE9-268A-5CC7-22F9-F501E49B56B5">
<hideElementsInCurrentOnly>false</hideElementsInCurrentOnly>
<bounds x="917" y="884" width="133" height="54"/>
</OView>
<OView class="oracle.dbtools.crest.swingui.logical.TVEntity" oid="FC52C165-9E6D-56F7-107B-D327770B2E37" otype="Entity" vid="8EC57FC9-AB27-0180-9111-35DADA461490">
<hideElementsInCurrentOnly>false</hideElementsInCurrentOnly>
<bounds x="617" y="703" width="153" height="68"/>
</OView>
</objectViews>
<connectors>
<Connector class="oracle.dbtools.crest.swingui.logical.TVRelation" oid="0D5C55D8-0EB6-7D57-03F2-F1CAF2922C5C" otype="Relation" vid_source="F3676E40-F0EF-95B4-2604-FE4F49CE98BF" vid_target="0099F463-F9B1-7B98-F48D-AF25553ECA7A">
<hideElementsInCurrentOnly>false</hideElementsInCurrentOnly>
<backgroundColor>-16777216</backgroundColor>
<lineWidth>1</lineWidth>
<sourceLabel class="oracle.dbtools.crest.model.design.Label">
<site>0</site>
<labelBounds x="694" y="399" width="52" height="30"/>
<noBackgroundColor>true</noBackgroundColor>
<noForegroundColor>true</noForegroundColor>
</sourceLabel>
<targetLabel class="oracle.dbtools.crest.model.design.Label">
<site>2</site>
<labelBounds x="694" y="481" width="18" height="30"/>
<noBackgroundColor>true</noBackgroundColor>
<noForegroundColor>true</noForegroundColor>
</targetLabel>
<points>
<point x="694" y="363"/>
<point x="694" y="517"/>
</points>
</Connector>
<Connector class="oracle.dbtools.crest.swingui.logical.TVRelation" oid="0EE07717-9311-4D34-55EE-32ED783B1A16" otype="Relation" vid_source="D3CBB735-2310-1C86-A85E-E3BA0FAE4595" vid_target="A5F40A63-3CBB-829A-0814-1E19BC18E58F">
<hideElementsInCurrentOnly>false</hideElementsInCurrentOnly>
<backgroundColor>-16777216</backgroundColor>
<lineWidth>1</lineWidth>
<sourceLabel class="oracle.dbtools.crest.model.design.Label">
<site>0</site>
<labelBounds x="691" y="1071" width="32" height="28"/>
<noBackgroundColor>true</noBackgroundColor>
<noForegroundColor>true</noForegroundColor>
</sourceLabel>
<targetLabel class="oracle.dbtools.crest.model.design.Label">
<site>2</site>
<labelBounds x="691" y="1082" width="18" height="30"/>
<noBackgroundColor>true</noBackgroundColor>
<noForegroundColor>true</noForegroundColor>
</targetLabel>
<points>
<point x="691" y="1037"/>
<point x="691" y="1118"/>
</points>
</Connector>
<Connector class="oracle.dbtools.crest.swingui.logical.TVRelation" oid="15931119-98A5-31C1-DF3C-417E9736A390" otype="Relation" vid_source="F3676E40-F0EF-95B4-2604-FE4F49CE98BF" vid_target="24F181EF-9088-8465-4BD4-D2F6AA6BB30D">
<hideElementsInCurrentOnly>false</hideElementsInCurrentOnly>
<backgroundColor>-16777216</backgroundColor>
<lineWidth>1</lineWidth>
<sourceLabel class="oracle.dbtools.crest.model.design.Label">
<site>0</site>
<labelBounds x="776" y="276" width="58" height="31"/>
<noBackgroundColor>true</noBackgroundColor>
<noForegroundColor>true</noForegroundColor>
</sourceLabel>
<targetLabel class="oracle.dbtools.crest.model.design.Label">
<site>2</site>
<labelBounds x="864" y="277" width="18" height="30"/>
<noBackgroundColor>true</noBackgroundColor>
<noForegroundColor>true</noForegroundColor>
</targetLabel>
<points>
<point x="766" y="276"/>
<point x="888" y="277"/>
</points>
</Connector>
<Connector class="oracle.dbtools.crest.swingui.logical.TVRelation" oid="1AC040CC-9435-BFB2-A2D0-3A9EC2A6F2A7" otype="Relation" vid_source="24F181EF-9088-8465-4BD4-D2F6AA6BB30D" vid_target="F3676E40-F0EF-95B4-2604-FE4F49CE98BF">
<hideElementsInCurrentOnly>false</hideElementsInCurrentOnly>
<backgroundColor>-16777216</backgroundColor>
<lineWidth>1</lineWidth>
<sourceLabel class="oracle.dbtools.crest.model.design.Label">
<site>0</site>
<labelBounds x="826" y="335" width="56" height="29"/>
<noBackgroundColor>true</noBackgroundColor>
<noForegroundColor>true</noForegroundColor>
</sourceLabel>
<targetLabel class="oracle.dbtools.crest.model.design.Label">
<site>2</site>
<labelBounds x="776" y="332" width="18" height="30"/>
<noBackgroundColor>true</noBackgroundColor>
<noForegroundColor>true</noForegroundColor>
</targetLabel>
<points>
<point x="888" y="335"/>
<point x="766" y="332"/>
</points>
</Connector>
<Connector class="oracle.dbtools.crest.swingui.logical.TVRelation" oid="1CA1690E-2F64-1921-0A1D-332C32206F42" otype="Relation" vid_source="F3676E40-F0EF-95B4-2604-FE4F49CE98BF" vid_target="19457330-A330-16EF-86DF-A436536EF75E">
<hideElementsInCurrentOnly>false</hideElementsInCurrentOnly>
<backgroundColor>-16777216</backgroundColor>
<lineWidth>1</lineWidth>
<sourceLabel class="oracle.dbtools.crest.model.design.Label">
<site>0</site>
<labelBounds x="559" y="277" width="57" height="30"/>
<noBackgroundColor>true</noBackgroundColor>
<noForegroundColor>true</noForegroundColor>
</sourceLabel>
<targetLabel class="oracle.dbtools.crest.model.design.Label">
<site>2</site>
<labelBounds x="495" y="310" width="18" height="30"/>
<noBackgroundColor>true</noBackgroundColor>
<noForegroundColor>true</noForegroundColor>
</targetLabel>
<points>
<point x="622" y="307"/>
<point x="485" y="307"/>
</points>
</Connector>
<Connector class="oracle.dbtools.crest.swingui.logical.TVRelation" oid="1DE18517-1EF2-AE55-59A1-45F01105B21F" otype="Relation" vid_source="0099F463-F9B1-7B98-F48D-AF25553ECA7A" vid_target="4B4D203D-AC19-663C-1DD1-34F7EC41215F">
<hideElementsInCurrentOnly>false</hideElementsInCurrentOnly>
<backgroundColor>-16777216</backgroundColor>
<lineWidth>1</lineWidth>
<sourceLabel class="oracle.dbtools.crest.model.design.Label">
<site>0</site>
<labelBounds x="560" y="569" width="46" height="30"/>
<noBackgroundColor>true</noBackgroundColor>
<noForegroundColor>true</noForegroundColor>
</sourceLabel>
<targetLabel class="oracle.dbtools.crest.model.design.Label">
<site>2</site>
<labelBounds x="369" y="602" width="18" height="30"/>
<noBackgroundColor>true</noBackgroundColor>
<noForegroundColor>true</noForegroundColor>
</targetLabel>
<points>
<point x="612" y="599"/>
<point x="359" y="599"/>
</points>
</Connector>
<Connector class="oracle.dbtools.crest.swingui.logical.TVRelation" oid="33CACA38-B726-C08D-CB6A-104F0B55A054" otype="Relation" vid_source="0099F463-F9B1-7B98-F48D-AF25553ECA7A" vid_target="0120BCE6-5EF0-7EE8-C20A-A1665A7E1D17">
<hideElementsInCurrentOnly>false</hideElementsInCurrentOnly>
<backgroundColor>-16777216</backgroundColor>
<lineWidth>1</lineWidth>
<sourceLabel class="oracle.dbtools.crest.model.design.Label">
<site>0</site>
<labelBounds x="580" y="540" width="26" height="27"/>
<noBackgroundColor>true</noBackgroundColor>
<noForegroundColor>true</noForegroundColor>
</sourceLabel>
<targetLabel class="oracle.dbtools.crest.model.design.Label">
<site>2</site>
<labelBounds x="559" y="541" width="21" height="34"/>
<noBackgroundColor>true</noBackgroundColor>
<noForegroundColor>true</noForegroundColor>
</targetLabel>
<points>
<point x="612" y="540"/>
<point x="549" y="541"/>
</points>
</Connector>
<Connector class="oracle.dbtools.crest.swingui.logical.TVRelation" oid="3F803ABA-C6A7-1449-8CBF-B4D1BAC45013" otype="Relation" vid_source="C22D3AA8-143F-55FB-F846-55AEAB982067" vid_target="125272D0-E64E-EEC6-1480-61EE8DBA3627">
<hideElementsInCurrentOnly>false</hideElementsInCurrentOnly>
<backgroundColor>-16777216</backgroundColor>
<lineWidth>1</lineWidth>
<sourceLabel class="oracle.dbtools.crest.model.design.Label">
<site>0</site>
<labelBounds x="242" y="888" width="37" height="30"/>
<noBackgroundColor>true</noBackgroundColor>
<noForegroundColor>true</noForegroundColor>
</sourceLabel>
<targetLabel class="oracle.dbtools.crest.model.design.Label">
<site>2</site>
<labelBounds x="318" y="921" width="18" height="30"/>
<noBackgroundColor>true</noBackgroundColor>
<noForegroundColor>true</noForegroundColor>
</targetLabel>
<points>
<point x="232" y="918"/>
<point x="342" y="918"/>
</points>
</Connector>
<Connector class="oracle.dbtools.crest.swingui.logical.TVRelation" oid="50825328-EBC1-6B91-ADEB-A444B2F1BB0F" otype="Relation" vid_source="D3CBB735-2310-1C86-A85E-E3BA0FAE4595" vid_target="8EC57FC9-AB27-0180-9111-35DADA461490">
<hideElementsInCurrentOnly>false</hideElementsInCurrentOnly>
<backgroundColor>-16777216</backgroundColor>
<lineWidth>1</lineWidth>
<sourceLabel class="oracle.dbtools.crest.model.design.Label">
<site>0</site>
<labelBounds x="693" y="813" width="31" height="30"/>
<noBackgroundColor>true</noBackgroundColor>
<noForegroundColor>true</noForegroundColor>
</sourceLabel>
<targetLabel class="oracle.dbtools.crest.model.design.Label">
<site>2</site>
<labelBounds x="693" y="807" width="18" height="30"/>
<noBackgroundColor>true</noBackgroundColor>
<noForegroundColor>true</noForegroundColor>
</targetLabel>
<points>
<point x="693" y="857"/>
<point x="693" y="771"/>
</points>
</Connector>
<Connector class="oracle.dbtools.crest.swingui.logical.TVRelation" oid="569E0C9A-4F1C-9BE3-8B66-00F12EBBB0B2" otype="Relation" vid_source="19457330-A330-16EF-86DF-A436536EF75E" vid_target="0120BCE6-5EF0-7EE8-C20A-A1665A7E1D17">
<hideElementsInCurrentOnly>false</hideElementsInCurrentOnly>
<backgroundColor>-16777216</backgroundColor>
<lineWidth>1</lineWidth>
<sourceLabel class="oracle.dbtools.crest.model.design.Label">
<site>0</site>
<labelBounds x="439" y="443" width="31" height="30"/>
<noBackgroundColor>true</noBackgroundColor>
<noForegroundColor>true</noForegroundColor>
</sourceLabel>
<targetLabel class="oracle.dbtools.crest.model.design.Label">
<site>2</site>
<labelBounds x="439" y="431" width="35" height="34"/>
<noBackgroundColor>true</noBackgroundColor>
<noForegroundColor>true</noForegroundColor>
</targetLabel>
<points>
<point x="439" y="399"/>
<point x="439" y="479"/>
</points>
</Connector>
<Connector class="oracle.dbtools.crest.swingui.logical.TVRelation" oid="58F5A591-11A6-43CF-8B2D-831BFC8B8297" otype="Relation" vid_source="0099F463-F9B1-7B98-F48D-AF25553ECA7A" vid_target="8EC57FC9-AB27-0180-9111-35DADA461490">
<hideElementsInCurrentOnly>false</hideElementsInCurrentOnly>
<backgroundColor>-16777216</backgroundColor>
<lineWidth>1</lineWidth>
<sourceLabel class="oracle.dbtools.crest.model.design.Label">
<site>0</site>
<labelBounds x="693" y="673" width="31" height="30"/>
<noBackgroundColor>true</noBackgroundColor>
<noForegroundColor>true</noForegroundColor>
</sourceLabel>
<targetLabel class="oracle.dbtools.crest.model.design.Label">
<site>2</site>
<labelBounds x="693" y="658" width="16" height="31"/>
<noBackgroundColor>true</noBackgroundColor>
<noForegroundColor>true</noForegroundColor>
</targetLabel>
<points>
<point x="693" y="613"/>
<point x="693" y="703"/>
</points>
</Connector>
<Connector class="oracle.dbtools.crest.swingui.logical.TVRelation" oid="7773D7EB-81A1-3D4E-6B56-EB98714D0238" otype="Relation" vid_source="570CBEE9-268A-5CC7-22F9-F501E49B56B5" vid_target="D3CBB735-2310-1C86-A85E-E3BA0FAE4595">
<hideElementsInCurrentOnly>false</hideElementsInCurrentOnly>
<backgroundColor>-16777216</backgroundColor>
<lineWidth>1</lineWidth>
<sourceLabel class="oracle.dbtools.crest.model.design.Label">
<site>0</site>
<labelBounds x="852" y="881" width="59" height="30"/>
<noBackgroundColor>true</noBackgroundColor>
<noForegroundColor>true</noForegroundColor>
</sourceLabel>
<targetLabel class="oracle.dbtools.crest.model.design.Label">
<site>2</site>
<labelBounds x="786" y="914" width="18" height="30"/>
<noBackgroundColor>true</noBackgroundColor>
<noForegroundColor>true</noForegroundColor>
</targetLabel>
<points>
<point x="917" y="911"/>
<point x="776" y="911"/>
</points>
</Connector>
<Connector class="oracle.dbtools.crest.swingui.logical.TVRelation" oid="81C7620B-1EA8-4240-AC2E-58F4F64DD912" otype="Relation" vid_source="1646E5A4-D29D-49A5-BA83-7923A3CD13A1" vid_target="A5F40A63-3CBB-829A-0814-1E19BC18E58F">
<hideElementsInCurrentOnly>false</hideElementsInCurrentOnly>
<backgroundColor>-16777216</backgroundColor>
<lineWidth>1</lineWidth>
<sourceLabel class="oracle.dbtools.crest.model.design.Label">
<site>0</site>
<labelBounds x="687" y="1196" width="37" height="30"/>
<noBackgroundColor>true</noBackgroundColor>
<noForegroundColor>true</noForegroundColor>
</sourceLabel>
<targetLabel class="oracle.dbtools.crest.model.design.Label">
<site>2</site>
<labelBounds x="687" y="1216" width="18" height="30"/>
<noBackgroundColor>true</noBackgroundColor>
<noForegroundColor>true</noForegroundColor>
</targetLabel>
<points>
<point x="687" y="1232"/>
<point x="687" y="1172"/>
</points>
</Connector>
<Connector class="oracle.dbtools.crest.swingui.logical.TVRelation" oid="81F3ED01-31D4-4781-E1C4-526035EC9A46" otype="Relation" vid_source="3A756DCF-C04C-F8DF-78D9-ADF95A001277" vid_target="19457330-A330-16EF-86DF-A436536EF75E">
<hideElementsInCurrentOnly>false</hideElementsInCurrentOnly>
<backgroundColor>-16777216</backgroundColor>
<lineWidth>1</lineWidth>
<sourceLabel class="oracle.dbtools.crest.model.design.Label">
<site>0</site>
<labelBounds x="249" y="274" width="71" height="30"/>
<noBackgroundColor>true</noBackgroundColor>
<noForegroundColor>true</noForegroundColor>
</sourceLabel>
<targetLabel class="oracle.dbtools.crest.model.design.Label">
<site>2</site>
<labelBounds x="310" y="307" width="18" height="30"/>
<noBackgroundColor>true</noBackgroundColor>
<noForegroundColor>true</noForegroundColor>
</targetLabel>
<points>
<point x="239" y="304"/>
<point x="334" y="304"/>
</points>
</Connector>
<Connector class="oracle.dbtools.crest.swingui.logical.TVRelation" oid="DFDC152C-2D84-F545-AE36-5C070AA9DC63" otype="Relation" vid_source="D3CBB735-2310-1C86-A85E-E3BA0FAE4595" vid_target="125272D0-E64E-EEC6-1480-61EE8DBA3627">
<hideElementsInCurrentOnly>false</hideElementsInCurrentOnly>
<backgroundColor>-16777216</backgroundColor>
<lineWidth>1</lineWidth>
<sourceLabel class="oracle.dbtools.crest.model.design.Label">
<site>0</site>
<labelBounds x="563" y="888" width="31" height="30"/>
<noBackgroundColor>true</noBackgroundColor>
<noForegroundColor>true</noForegroundColor>
</sourceLabel>
<targetLabel class="oracle.dbtools.crest.model.design.Label">
<site>2</site>
<labelBounds x="499" y="921" width="18" height="30"/>
<noBackgroundColor>true</noBackgroundColor>
<noForegroundColor>true</noForegroundColor>
</targetLabel>
<points>
<point x="600" y="918"/>
<point x="489" y="918"/>
</points>
</Connector>
<Connector class="oracle.dbtools.crest.swingui.logical.TVRelation" oid="E67438A6-2724-60DF-42FD-2B7EB552810D" otype="Relation" vid_source="AC868FAC-C41E-3FA1-304F-72A3F547FAFF" vid_target="F3676E40-F0EF-95B4-2604-FE4F49CE98BF">
<hideElementsInCurrentOnly>false</hideElementsInCurrentOnly>
<backgroundColor>-16777216</backgroundColor>
<lineWidth>1</lineWidth>
<sourceLabel class="oracle.dbtools.crest.model.design.Label">
<site>0</site>
<labelBounds x="694" y="200" width="43" height="30"/>
<noBackgroundColor>true</noBackgroundColor>
<noForegroundColor>true</noForegroundColor>
</sourceLabel>
<targetLabel class="oracle.dbtools.crest.model.design.Label">
<site>2</site>
<labelBounds x="694" y="184" width="18" height="30"/>
<noBackgroundColor>true</noBackgroundColor>
<noForegroundColor>true</noForegroundColor>
</targetLabel>
<points>
<point x="694" y="164"/>
<point x="694" y="252"/>
</points>
</Connector>
<Connector class="oracle.dbtools.crest.swingui.logical.TVRelation" oid="F12F7A21-360D-97E1-342F-A00BAF6F879F" otype="Relation" vid_source="19457330-A330-16EF-86DF-A436536EF75E" vid_target="4B4D203D-AC19-663C-1DD1-34F7EC41215F">
<hideElementsInCurrentOnly>false</hideElementsInCurrentOnly>
<backgroundColor>-16777216</backgroundColor>
<lineWidth>1</lineWidth>
<sourceLabel class="oracle.dbtools.crest.model.design.Label">
<site>0</site>
<labelBounds x="346" y="459" width="59" height="30"/>
<noBackgroundColor>true</noBackgroundColor>
<noForegroundColor>true</noForegroundColor>
</sourceLabel>
<targetLabel class="oracle.dbtools.crest.model.design.Label">
<site>2</site>
<labelBounds x="346" y="542" width="18" height="30"/>
<noBackgroundColor>true</noBackgroundColor>
<noForegroundColor>true</noForegroundColor>
</targetLabel>
<points>
<point x="346" y="399"/>
<point x="346" y="586"/>
</points>
</Connector>
</connectors>
</Diagram>
